-- MySQL dump 10.13  Distrib 8.2.0, for Linux (x86_64)
--
-- Host: localhost    Database: DB_QLSV
-- ------------------------------------------------------
-- Server version	8.2.0

/*!40101 SET @OLD_CHARACTER_SET_CLIENT=@@CHARACTER_SET_CLIENT */;
/*!40101 SET @OLD_CHARACTER_SET_RESULTS=@@CHARACTER_SET_RESULTS */;
/*!40101 SET @OLD_COLLATION_CONNECTION=@@COLLATION_CONNECTION */;
/*!50503 SET NAMES utf8mb4 */;
/*!40103 SET @OLD_TIME_ZONE=@@TIME_ZONE */;
/*!40103 SET TIME_ZONE='+00:00' */;
/*!40014 SET @OLD_UNIQUE_CHECKS=@@UNIQUE_CHECKS, UNIQUE_CHECKS=0 */;
/*!40014 SET @OLD_FOREIGN_KEY_CHECKS=@@FOREIGN_KEY_CHECKS, FOREIGN_KEY_CHECKS=0 */;
/*!40101 SET @OLD_SQL_MODE=@@SQL_MODE, SQL_MODE='NO_AUTO_VALUE_ON_ZERO' */;
/*!40111 SET @OLD_SQL_NOTES=@@SQL_NOTES, SQL_NOTES=0 */;

--
-- Table structure for table `DiemMon`
--


CREATE TABLE `DiemMon` (
  `id_diemmon` int NOT NULL AUTO_INCREMENT,
  `msv` varchar(20) NOT NULL,
  `ma_lop` varchar(20) NOT NULL,
  `ma_mon` varchar(20) NOT NULL,
  `diem_cc` decimal(4,2) NOT NULL COMMENT '10%',
  `diem_qtrinh` decimal(4,2) NOT NULL COMMENT '30%',
  `diem_thi` decimal(4,2) NOT NULL COMMENT '60%',
  `diem_tk` decimal(4,2) GENERATED ALWAYS AS (round((((`diem_cc` * 0.1) + (`diem_qtrinh` * 0.3)) + (`diem_thi` * 0.6)),2)) STORED,
  `diem_he4` decimal(2,1) GENERATED ALWAYS AS ((case when (`diem_tk` < 4.0) then 0 when (`diem_tk` < 5.0) then 1 when (`diem_tk` < 5.5) then 1.5 when (`diem_tk` < 6.5) then 2 when (`diem_tk` < 7.0) then 2.5 when (`diem_tk` < 8.0) then 3 when (`diem_tk` < 8.5) then 3.5 when (`diem_tk` < 9.0) then 3.7 else 4.0 end)) STORED,
  `xep_loai` varchar(2) GENERATED ALWAYS AS ((case when (`diem_he4` = 0) then _utf8mb4'F' when (`diem_he4` = 1) then _utf8mb4'D' when (`diem_he4` = 1.5) then _utf8mb4'D+' when (`diem_he4` = 2) then _utf8mb4'C' when (`diem_he4` = 2.5) then _utf8mb4'C+' when (`diem_he4` = 3) then _utf8mb4'B' when (`diem_he4` = 3.5) then _utf8mb4'B+' when (`diem_he4` = 3.7) then _utf8mb4'A' when (`diem_he4` = 4.0) then _utf8mb4'A+' end)) STORED,
  `danh_gia` char(1) GENERATED ALWAYS AS (if((`xep_loai` = _utf8mb4'F'),_utf8mb4'x',_utf8mb4'✓')) STORED,
  PRIMARY KEY (`id_diemmon`),
  KEY `fk_dm_sv` (`msv`),
  KEY `fk_dm_lhmh` (`ma_lop`,`ma_mon`),
  CONSTRAINT `fk_dm_lhmh` FOREIGN KEY (`ma_lop`, `ma_mon`) REFERENCES `LopHoc_MonHoc` (`ma_lop`, `ma_mon`) ON DELETE CASCADE ON UPDATE CASCADE,
  CONSTRAINT `fk_dm_sv` FOREIGN KEY (`msv`) REFERENCES `SinhVien` (`msv`) ON DELETE CASCADE ON UPDATE CASCADE
) ENGINE=InnoDB AUTO_INCREMENT=738 DEFAULT CHARSET=utf8mb4 COLLATE=utf8mb4_0900_ai_ci;
/*!40101 SET character_set_client = @saved_cs_client */;

--
-- Dumping data for table `DiemMon`
--

LOCK TABLES `DiemMon` WRITE;
/*!40000 ALTER TABLE `DiemMon` DISABLE KEYS */;
INSERT INTO `DiemMon` (`id_diemmon`, `msv`, `ma_lop`, `ma_mon`, `diem_cc`, `diem_qtrinh`, `diem_thi`) VALUES (1,'B19DCVT192','D21VTMD1','TEL1447',7.00,9.00,10.00),(2,'B19DCVT192','D21VTMD1','TEL1448',8.00,8.00,6.00),(3,'B19DCVT192','D21VTMD1','TEL1450',5.00,8.00,10.00),(4,'B19DCVT192','D21VTMD1','TEL1455',3.00,3.00,3.00),(5,'B19DCVT192','D21VTMD1','TEL1456',3.00,3.00,3.00),(6,'B19DCVT192','D21VTMD1','TEL1458',8.00,5.00,6.00),(7,'B19DCVT192','D21VTMD1','TEL1459',7.00,10.00,4.00),(8,'B21DCVT009','D21VTMD1','TEL1447',7.00,4.00,7.00),(9,'B21DCVT009','D21VTMD1','TEL1448',10.00,8.00,5.00),(10,'B21DCVT009','D21VTMD1','TEL1450',9.00,9.00,8.00),(11,'B21DCVT009','D21VTMD1','TEL1455',7.00,8.00,6.00),(12,'B21DCVT009','D21VTMD1','TEL1456',7.00,10.00,9.00),(13,'B21DCVT009','D21VTMD1','TEL1458',5.00,8.00,4.00),(14,'B21DCVT009','D21VTMD1','TEL1459',9.00,9.00,7.00),(15,'B21DCVT035','D21VTMD2','TEL1447',3.00,3.00,3.00),(16,'B21DCVT035','D21VTMD2','TEL1448',4.00,10.00,6.00),(17,'B21DCVT035','D21VTMD2','TEL1450',5.00,4.00,8.00),(18,'B21DCVT035','D21VTMD2','TEL1455',9.00,8.00,7.00),(19,'B21DCVT035','D21VTMD2','TEL1456',3.00,3.00,3.00),(20,'B21DCVT035','D21VTMD2','TEL1458',9.00,8.00,5.00),(21,'B21DCVT035','D21VTMD2','TEL1459',8.00,7.00,9.00),(22,'B21DCVT041','D21VTMD1','TEL1447',10.00,8.00,4.00),(23,'B21DCVT041','D21VTMD1','TEL1448',9.00,5.00,8.00),(24,'B21DCVT041','D21VTMD1','TEL1450',8.00,5.00,5.00),(25,'B21DCVT041','D21VTMD1','TEL1455',6.00,10.00,4.00),(26,'B21DCVT041','D21VTMD1','TEL1456',6.00,5.00,7.00),(27,'B21DCVT041','D21VTMD1','TEL1458',6.00,7.00,9.00),(28,'B21DCVT041','D21VTMD1','TEL1459',3.00,3.00,3.00),(29,'B21DCVT049','D21VTMD1','TEL1447',8.00,7.00,4.00),(30,'B21DCVT049','D21VTMD1','TEL1448',3.00,3.00,3.00),(31,'B21DCVT049','D21VTMD1','TEL1450',7.00,4.00,8.00),(32,'B21DCVT049','D21VTMD1','TEL1455',8.00,5.00,7.00),(33,'B21DCVT049','D21VTMD1','TEL1456',10.00,8.00,4.00),(34,'B21DCVT049','D21VTMD1','TEL1458',6.00,4.00,8.00),(35,'B21DCVT049','D21VTMD1','TEL1459',4.00,9.00,5.00),(36,'B21DCVT053','D21VTMD2','TEL1447',8.00,8.00,7.00),(37,'B21DCVT053','D21VTMD2','TEL1448',7.00,4.00,4.00),(38,'B21DCVT053','D21VTMD2','TEL1450',9.00,10.00,10.00),(39,'B21DCVT053','D21VTMD2','TEL1455',7.00,7.00,8.00),(40,'B21DCVT053','D21VTMD2','TEL1456',8.00,4.00,10.00),(41,'B21DCVT053','D21VTMD2','TEL1458',7.00,5.00,8.00),(42,'B21DCVT053','D21VTMD2','TEL1459',9.00,8.00,7.00),(43,'B21DCVT061','D21VTMD2','TEL1447',6.00,10.00,5.00),(44,'B21DCVT061','D21VTMD2','TEL1448',4.00,9.00,8.00),(45,'B21DCVT061','D21VTMD2','TEL1450',5.00,7.00,10.00),(46,'B21DCVT061','D21VTMD2','TEL1455',7.00,9.00,5.00),(47,'B21DCVT061','D21VTMD2','TEL1456',4.00,10.00,6.00),(48,'B21DCVT061','D21VTMD2','TEL1458',9.00,8.00,7.00),(49,'B21DCVT061','D21VTMD2','TEL1459',10.00,8.00,9.00),(50,'B21DCVT065','D21VTMD1','TEL1447',7.00,8.00,9.00),(51,'B21DCVT065','D21VTMD1','TEL1448',5.00,5.00,8.00),(52,'B21DCVT065','D21VTMD1','TEL1450',8.00,5.00,9.00),(53,'B21DCVT065','D21VTMD1','TEL1455',9.00,9.00,8.00),(54,'B21DCVT065','D21VTMD1','TEL1456',7.00,9.00,6.00),(55,'B21DCVT065','D21VTMD1','TEL1458',4.00,4.00,5.00),(56,'B21DCVT065','D21VTMD1','TEL1459',9.00,6.00,5.00),(57,'B21DCVT066','D21VTMD1','TEL1447',7.00,6.00,5.00),(58,'B21DCVT066','D21VTMD1','TEL1448',4.00,8.00,9.00),(59,'B21DCVT066','D21VTMD1','TEL1450',5.00,5.00,6.00),(60,'B21DCVT066','D21VTMD1','TEL1455',3.00,3.00,3.00),(61,'B21DCVT066','D21VTMD1','TEL1456',10.00,10.00,4.00),(62,'B21DCVT066','D21VTMD1','TEL1458',6.00,8.00,5.00),(63,'B21DCVT066','D21VTMD1','TEL1459',10.00,10.00,5.00),(64,'B21DCVT067','D21VTMD2','TEL1447',10.00,7.00,8.00),(65,'B21DCVT067','D21VTMD2','TEL1448',3.00,3.00,3.00),(66,'B21DCVT067','D21VTMD2','TEL1450',7.00,10.00,6.00),(67,'B21DCVT067','D21VTMD2','TEL1455',7.00,5.00,9.00),(68,'B21DCVT067','D21VTMD2','TEL1456',9.00,9.00,6.00),(69,'B21DCVT067','D21VTMD2','TEL1458',9.00,8.00,10.00),(70,'B21DCVT067','D21VTMD2','TEL1459',8.00,8.00,4.00),(71,'B21DCVT069','D21VTMD2','TEL1447',10.00,5.00,5.00),(72,'B21DCVT069','D21VTMD2','TEL1448',5.00,9.00,6.00),(73,'B21DCVT069','D21VTMD2','TEL1450',5.00,5.00,10.00),(74,'B21DCVT069','D21VTMD2','TEL1455',4.00,8.00,7.00),(75,'B21DCVT069','D21VTMD2','TEL1456',8.00,7.00,10.00),(76,'B21DCVT069','D21VTMD2','TEL1458',8.00,8.00,6.00),(77,'B21DCVT069','D21VTMD2','TEL1459',10.00,4.00,6.00),(78,'B21DCVT073','D21VTMD1','TEL1447',10.00,7.00,10.00),(79,'B21DCVT073','D21VTMD1','TEL1448',5.00,6.00,8.00),(80,'B21DCVT073','D21VTMD1','TEL1450',4.00,8.00,4.00),(81,'B21DCVT073','D21VTMD1','TEL1455',7.00,10.00,8.00),(82,'B21DCVT073','D21VTMD1','TEL1456',6.00,8.00,6.00),(83,'B21DCVT073','D21VTMD1','TEL1458',8.00,4.00,8.00),(84,'B21DCVT073','D21VTMD1','TEL1459',9.00,9.00,9.00),(85,'B21DCVT074','D21VTMD1','TEL1447',4.00,5.00,10.00),(86,'B21DCVT074','D21VTMD1','TEL1448',3.00,3.00,3.00),(87,'B21DCVT074','D21VTMD1','TEL1450',10.00,7.00,7.00),(88,'B21DCVT074','D21VTMD1','TEL1455',9.00,7.00,8.00),(89,'B21DCVT074','D21VTMD1','TEL1456',6.00,7.00,4.00),(90,'B21DCVT074','D21VTMD1','TEL1458',3.00,3.00,3.00),(91,'B21DCVT074','D21VTMD1','TEL1459',10.00,9.00,9.00),(92,'B21DCVT083','D21VTMD2','TEL1447',3.00,3.00,3.00),(93,'B21DCVT083','D21VTMD2','TEL1448',9.00,4.00,4.00),(94,'B21DCVT083','D21VTMD2','TEL1450',8.00,10.00,7.00),(95,'B21DCVT083','D21VTMD2','TEL1455',7.00,9.00,5.00),(96,'B21DCVT083','D21VTMD2','TEL1456',4.00,4.00,5.00),(97,'B21DCVT083','D21VTMD2','TEL1458',8.00,9.00,10.00),(98,'B21DCVT083','D21VTMD2','TEL1459',8.00,7.00,4.00),(99,'B21DCVT085','D21VTMD2','TEL1447',8.00,4.00,7.00),(100,'B21DCVT085','D21VTMD2','TEL1448',7.00,5.00,9.00),(101,'B21DCVT085','D21VTMD2','TEL1450',6.00,10.00,4.00),(102,'B21DCVT085','D21VTMD2','TEL1455',5.00,6.00,6.00),(103,'B21DCVT085','D21VTMD2','TEL1456',5.00,7.00,8.00),(104,'B21DCVT085','D21VTMD2','TEL1458',4.00,4.00,5.00),(105,'B21DCVT085','D21VTMD2','TEL1459',4.00,4.00,5.00),(106,'B21DCVT086','D21VTMD1','TEL1447',10.00,7.00,4.00),(107,'B21DCVT086','D21VTMD1','TEL1448',9.00,10.00,8.00),(108,'B21DCVT086','D21VTMD1','TEL1450',10.00,6.00,7.00),(109,'B21DCVT086','D21VTMD1','TEL1455',4.00,4.00,9.00),(110,'B21DCVT086','D21VTMD1','TEL1456',3.00,3.00,3.00),(111,'B21DCVT086','D21VTMD1','TEL1458',8.00,9.00,4.00),(112,'B21DCVT086','D21VTMD1','TEL1459',7.00,9.00,9.00),(113,'B21DCVT089','D21VTMD1','TEL1447',10.00,7.00,7.00),(114,'B21DCVT089','D21VTMD1','TEL1448',8.00,7.00,4.00),(115,'B21DCVT089','D21VTMD1','TEL1450',7.00,7.00,8.00),(116,'B21DCVT089','D21VTMD1','TEL1455',9.00,6.00,6.00),(117,'B21DCVT089','D21VTMD1','TEL1456',7.00,6.00,5.00),(118,'B21DCVT089','D21VTMD1','TEL1458',10.00,4.00,10.00),(119,'B21DCVT089','D21VTMD1','TEL1459',9.00,10.00,4.00),(120,'B21DCVT090','D21VTMD1','TEL1447',5.00,10.00,9.00),(121,'B21DCVT090','D21VTMD1','TEL1448',9.00,6.00,7.00),(122,'B21DCVT090','D21VTMD1','TEL1450',9.00,9.00,4.00),(123,'B21DCVT090','D21VTMD1','TEL1455',8.00,4.00,6.00),(124,'B21DCVT090','D21VTMD1','TEL1456',8.00,4.00,7.00),(125,'B21DCVT090','D21VTMD1','TEL1458',8.00,10.00,7.00),(126,'B21DCVT090','D21VTMD1','TEL1459',8.00,5.00,4.00),(127,'B21DCVT091','D21VTMD2','TEL1447',10.00,5.00,8.00),(128,'B21DCVT091','D21VTMD2','TEL1448',5.00,6.00,4.00),(129,'B21DCVT091','D21VTMD2','TEL1450',6.00,6.00,4.00),(130,'B21DCVT091','D21VTMD2','TEL1455',8.00,7.00,4.00),(131,'B21DCVT091','D21VTMD2','TEL1456',4.00,7.00,10.00),(132,'B21DCVT091','D21VTMD2','TEL1458',4.00,9.00,9.00),(133,'B21DCVT091','D21VTMD2','TEL1459',8.00,6.00,8.00),(134,'B21DCVT098','D21VTMD1','TEL1447',6.00,8.00,6.00),(135,'B21DCVT098','D21VTMD1','TEL1448',9.00,9.00,7.00),(136,'B21DCVT098','D21VTMD1','TEL1450',5.00,6.00,6.00),(137,'B21DCVT098','D21VTMD1','TEL1455',5.00,7.00,4.00),(138,'B21DCVT098','D21VTMD1','TEL1456',5.00,10.00,4.00),(139,'B21DCVT098','D21VTMD1','TEL1458',5.00,7.00,9.00),(140,'B21DCVT098','D21VTMD1','TEL1459',4.00,8.00,10.00),(141,'B21DCVT099','D21VTMD2','TEL1447',5.00,8.00,5.00),(142,'B21DCVT099','D21VTMD2','TEL1448',9.00,7.00,8.00),(143,'B21DCVT099','D21VTMD2','TEL1450',10.00,10.00,6.00),(144,'B21DCVT099','D21VTMD2','TEL1455',7.00,7.00,8.00),(145,'B21DCVT099','D21VTMD2','TEL1456',4.00,7.00,9.00),(146,'B21DCVT099','D21VTMD2','TEL1458',8.00,6.00,10.00),(147,'B21DCVT099','D21VTMD2','TEL1459',5.00,6.00,7.00),(148,'B21DCVT100','D21VTMD2','TEL1447',10.00,6.00,6.00),(149,'B21DCVT100','D21VTMD2','TEL1448',4.00,8.00,4.00),(150,'B21DCVT100','D21VTMD2','TEL1450',3.00,3.00,3.00),(151,'B21DCVT100','D21VTMD2','TEL1455',4.00,7.00,7.00),(152,'B21DCVT100','D21VTMD2','TEL1456',9.00,8.00,7.00),(153,'B21DCVT100','D21VTMD2','TEL1458',9.00,4.00,10.00),(154,'B21DCVT100','D21VTMD2','TEL1459',7.00,9.00,5.00),(155,'B21DCVT101','D21VTMD2','TEL1447',7.00,5.00,9.00),(156,'B21DCVT101','D21VTMD2','TEL1448',4.00,10.00,10.00),(157,'B21DCVT101','D21VTMD2','TEL1450',10.00,10.00,10.00),(158,'B21DCVT101','D21VTMD2','TEL1455',5.00,4.00,7.00),(159,'B21DCVT101','D21VTMD2','TEL1456',7.00,6.00,8.00),(160,'B21DCVT101','D21VTMD2','TEL1458',8.00,7.00,4.00),(161,'B21DCVT101','D21VTMD2','TEL1459',9.00,9.00,10.00),(162,'B21DCVT107','D21VTMD2','TEL1447',9.00,8.00,9.00),(163,'B21DCVT107','D21VTMD2','TEL1448',4.00,5.00,5.00),(164,'B21DCVT107','D21VTMD2','TEL1450',9.00,4.00,6.00),(165,'B21DCVT107','D21VTMD2','TEL1455',8.00,7.00,10.00),(166,'B21DCVT107','D21VTMD2','TEL1456',10.00,9.00,7.00),(167,'B21DCVT107','D21VTMD2','TEL1458',10.00,6.00,9.00),(168,'B21DCVT107','D21VTMD2','TEL1459',8.00,7.00,8.00),(169,'B21DCVT109','D21VTMD2','TEL1447',5.00,6.00,5.00),(170,'B21DCVT109','D21VTMD2','TEL1448',3.00,3.00,3.00),(171,'B21DCVT109','D21VTMD2','TEL1450',10.00,8.00,9.00),(172,'B21DCVT109','D21VTMD2','TEL1455',8.00,5.00,10.00),(173,'B21DCVT109','D21VTMD2','TEL1456',6.00,6.00,7.00),(174,'B21DCVT109','D21VTMD2','TEL1458',4.00,6.00,5.00),(175,'B21DCVT109','D21VTMD2','TEL1459',5.00,9.00,8.00),(176,'B21DCVT114','D21VTMD1','TEL1447',8.00,4.00,6.00),(177,'B21DCVT114','D21VTMD1','TEL1448',9.00,7.00,8.00),(178,'B21DCVT114','D21VTMD1','TEL1450',7.00,10.00,6.00),(179,'B21DCVT114','D21VTMD1','TEL1455',4.00,6.00,8.00),(180,'B21DCVT114','D21VTMD1','TEL1456',10.00,8.00,7.00),(181,'B21DCVT114','D21VTMD1','TEL1458',7.00,9.00,9.00),(182,'B21DCVT114','D21VTMD1','TEL1459',10.00,5.00,5.00),(183,'B21DCVT115','D21VTMD2','TEL1447',6.00,8.00,9.00),(184,'B21DCVT115','D21VTMD2','TEL1448',4.00,4.00,5.00),(185,'B21DCVT115','D21VTMD2','TEL1450',7.00,5.00,9.00),(186,'B21DCVT115','D21VTMD2','TEL1455',7.00,6.00,10.00),(187,'B21DCVT115','D21VTMD2','TEL1456',9.00,7.00,5.00),(188,'B21DCVT115','D21VTMD2','TEL1458',4.00,9.00,6.00),(189,'B21DCVT115','D21VTMD2','TEL1459',5.00,5.00,7.00),(190,'B21DCVT121','D21VTMD1','TEL1447',3.00,3.00,3.00),(191,'B21DCVT121','D21VTMD1','TEL1448',5.00,4.00,4.00),(192,'B21DCVT121','D21VTMD1','TEL1450',9.00,7.00,9.00),(193,'B21DCVT121','D21VTMD1','TEL1455',4.00,7.00,7.00),(194,'B21DCVT121','D21VTMD1','TEL1456',5.00,9.00,9.00),(195,'B21DCVT121','D21VTMD1','TEL1458',7.00,7.00,9.00),(196,'B21DCVT121','D21VTMD1','TEL1459',5.00,5.00,5.00),(197,'B21DCVT122','D21VTMD1','TEL1447',7.00,7.00,4.00),(198,'B21DCVT122','D21VTMD1','TEL1448',4.00,4.00,4.00),(199,'B21DCVT122','D21VTMD1','TEL1450',5.00,6.00,10.00),(200,'B21DCVT122','D21VTMD1','TEL1455',3.00,3.00,3.00),(201,'B21DCVT122','D21VTMD1','TEL1456',8.00,8.00,9.00),(202,'B21DCVT122','D21VTMD1','TEL1458',6.00,5.00,4.00),(203,'B21DCVT122','D21VTMD1','TEL1459',6.00,8.00,7.00),(204,'B21DCVT125','D21VTMD2','TEL1447',10.00,8.00,10.00),(205,'B21DCVT125','D21VTMD2','TEL1448',8.00,10.00,7.00),(206,'B21DCVT125','D21VTMD2','TEL1450',4.00,10.00,7.00),(207,'B21DCVT125','D21VTMD2','TEL1455',7.00,5.00,9.00),(208,'B21DCVT125','D21VTMD2','TEL1456',6.00,10.00,5.00),(209,'B21DCVT125','D21VTMD2','TEL1458',3.00,3.00,3.00),(210,'B21DCVT125','D21VTMD2','TEL1459',3.00,3.00,3.00),(211,'B21DCVT130','D21VTMD1','TEL1447',6.00,8.00,9.00),(212,'B21DCVT130','D21VTMD1','TEL1448',10.00,9.00,5.00),(213,'B21DCVT130','D21VTMD1','TEL1450',4.00,7.00,6.00),(214,'B21DCVT130','D21VTMD1','TEL1455',10.00,6.00,8.00),(215,'B21DCVT130','D21VTMD1','TEL1456',9.00,4.00,5.00),(216,'B21DCVT130','D21VTMD1','TEL1458',8.00,9.00,10.00),(217,'B21DCVT130','D21VTMD1','TEL1459',7.00,10.00,4.00),(218,'B21DCVT131','D21VTMD2','TEL1447',9.00,5.00,9.00),(219,'B21DCVT131','D21VTMD2','TEL1448',7.00,7.00,10.00),(220,'B21DCVT131','D21VTMD2','TEL1450',10.00,6.00,4.00),(221,'B21DCVT131','D21VTMD2','TEL1455',4.00,5.00,4.00),(222,'B21DCVT131','D21VTMD2','TEL1456',3.00,3.00,3.00),(223,'B21DCVT131','D21VTMD2','TEL1458',4.00,9.00,10.00),(224,'B21DCVT131','D21VTMD2','TEL1459',7.00,8.00,4.00),(225,'B21DCVT133','D21VTMD2','TEL1447',3.00,3.00,3.00),(226,'B21DCVT133','D21VTMD2','TEL1448',10.00,7.00,4.00),(227,'B21DCVT133','D21VTMD2','TEL1450',8.00,4.00,6.00),(228,'B21DCVT133','D21VTMD2','TEL1455',10.00,6.00,9.00),(229,'B21DCVT133','D21VTMD2','TEL1456',6.00,6.00,9.00),(230,'B21DCVT133','D21VTMD2','TEL1458',3.00,3.00,3.00),(231,'B21DCVT133','D21VTMD2','TEL1459',7.00,8.00,7.00),(232,'B21DCVT145','D21VTMD1','TEL1447',5.00,8.00,9.00),(233,'B21DCVT145','D21VTMD1','TEL1448',5.00,5.00,9.00),(234,'B21DCVT145','D21VTMD1','TEL1450',6.00,4.00,8.00),(235,'B21DCVT145','D21VTMD1','TEL1455',9.00,6.00,7.00),(236,'B21DCVT145','D21VTMD1','TEL1456',10.00,6.00,4.00),(237,'B21DCVT145','D21VTMD1','TEL1458',4.00,4.00,8.00),(238,'B21DCVT145','D21VTMD1','TEL1459',9.00,6.00,5.00),(239,'B21DCVT146','D21VTMD1','TEL1447',5.00,9.00,10.00),(240,'B21DCVT146','D21VTMD1','TEL1448',8.00,9.00,8.00),(241,'B21DCVT146','D21VTMD1','TEL1450',4.00,5.00,6.00),(242,'B21DCVT146','D21VTMD1','TEL1455',6.00,7.00,10.00),(243,'B21DCVT146','D21VTMD1','TEL1456',3.00,3.00,3.00),(244,'B21DCVT146','D21VTMD1','TEL1458',8.00,4.00,8.00),(245,'B21DCVT146','D21VTMD1','TEL1459',4.00,8.00,10.00),(246,'B21DCVT148','D21VTMD2','TEL1447',5.00,10.00,4.00),(247,'B21DCVT148','D21VTMD2','TEL1448',5.00,7.00,9.00),(248,'B21DCVT148','D21VTMD2','TEL1450',8.00,4.00,8.00),(249,'B21DCVT148','D21VTMD2','TEL1455',7.00,9.00,9.00),(250,'B21DCVT148','D21VTMD2','TEL1456',3.00,3.00,3.00),(251,'B21DCVT148','D21VTMD2','TEL1458',9.00,4.00,9.00),(252,'B21DCVT148','D21VTMD2','TEL1459',9.00,5.00,5.00),(253,'B21DCVT154','D21VTMD1','TEL1447',10.00,5.00,10.00),(254,'B21DCVT154','D21VTMD1','TEL1448',7.00,5.00,5.00),(255,'B21DCVT154','D21VTMD1','TEL1450',10.00,10.00,5.00),(256,'B21DCVT154','D21VTMD1','TEL1455',10.00,4.00,8.00),(257,'B21DCVT154','D21VTMD1','TEL1456',5.00,8.00,10.00),(258,'B21DCVT154','D21VTMD1','TEL1458',4.00,9.00,10.00),(259,'B21DCVT154','D21VTMD1','TEL1459',9.00,4.00,9.00),(260,'B21DCVT163','D21VTMD2','TEL1447',3.00,3.00,3.00),(261,'B21DCVT163','D21VTMD2','TEL1448',6.00,7.00,6.00),(262,'B21DCVT163','D21VTMD2','TEL1450',7.00,7.00,10.00),(263,'B21DCVT163','D21VTMD2','TEL1455',6.00,8.00,6.00),(264,'B21DCVT163','D21VTMD2','TEL1456',8.00,5.00,6.00),(265,'B21DCVT163','D21VTMD2','TEL1458',7.00,9.00,6.00),(266,'B21DCVT163','D21VTMD2','TEL1459',5.00,4.00,9.00),(267,'B21DCVT165','D21VTMD2','TEL1447',4.00,10.00,5.00),(268,'B21DCVT165','D21VTMD2','TEL1448',10.00,8.00,9.00),(269,'B21DCVT165','D21VTMD2','TEL1450',6.00,9.00,9.00),(270,'B21DCVT165','D21VTMD2','TEL1455',9.00,9.00,4.00),(271,'B21DCVT165','D21VTMD2','TEL1456',5.00,10.00,8.00),(272,'B21DCVT165','D21VTMD2','TEL1458',8.00,6.00,10.00),(273,'B21DCVT165','D21VTMD2','TEL1459',8.00,8.00,9.00),(274,'B21DCVT170','D21VTMD1','TEL1447',8.00,9.00,6.00),(275,'B21DCVT170','D21VTMD1','TEL1448',4.00,6.00,6.00),(276,'B21DCVT170','D21VTMD1','TEL1450',8.00,10.00,10.00),(277,'B21DCVT170','D21VTMD1','TEL1455',4.00,6.00,10.00),(278,'B21DCVT170','D21VTMD1','TEL1456',3.00,3.00,3.00),(279,'B21DCVT170','D21VTMD1','TEL1458',7.00,9.00,6.00),(280,'B21DCVT170','D21VTMD1','TEL1459',9.00,10.00,8.00),(281,'B21DCVT171','D21VTMD2','TEL1447',4.00,9.00,9.00),(282,'B21DCVT171','D21VTMD2','TEL1448',6.00,7.00,9.00),(283,'B21DCVT171','D21VTMD2','TEL1450',3.00,3.00,3.00),(284,'B21DCVT171','D21VTMD2','TEL1455',4.00,5.00,6.00),(285,'B21DCVT171','D21VTMD2','TEL1456',7.00,9.00,8.00),(286,'B21DCVT171','D21VTMD2','TEL1458',5.00,4.00,10.00),(287,'B21DCVT171','D21VTMD2','TEL1459',9.00,6.00,9.00),(288,'B21DCVT179','D21VTMD2','TEL1447',10.00,6.00,4.00),(289,'B21DCVT179','D21VTMD2','TEL1448',6.00,6.00,6.00),(290,'B21DCVT179','D21VTMD2','TEL1450',9.00,9.00,5.00),(291,'B21DCVT179','D21VTMD2','TEL1455',9.00,9.00,8.00),(292,'B21DCVT179','D21VTMD2','TEL1456',3.00,3.00,3.00),(293,'B21DCVT179','D21VTMD2','TEL1458',9.00,9.00,9.00),(294,'B21DCVT179','D21VTMD2','TEL1459',8.00,10.00,8.00),(295,'B21DCVT186','D21VTMD1','TEL1447',9.00,8.00,7.00),(296,'B21DCVT186','D21VTMD1','TEL1448',8.00,10.00,9.00),(297,'B21DCVT186','D21VTMD1','TEL1450',3.00,3.00,3.00),(298,'B21DCVT186','D21VTMD1','TEL1455',3.00,3.00,3.00),(299,'B21DCVT186','D21VTMD1','TEL1456',9.00,7.00,6.00),(300,'B21DCVT186','D21VTMD1','TEL1458',5.00,10.00,5.00),(301,'B21DCVT186','D21VTMD1','TEL1459',10.00,10.00,7.00),(302,'B21DCVT189','D21VTMD2','TEL1447',6.00,6.00,5.00),(303,'B21DCVT189','D21VTMD2','TEL1448',9.00,6.00,9.00),(304,'B21DCVT189','D21VTMD2','TEL1450',10.00,7.00,4.00),(305,'B21DCVT189','D21VTMD2','TEL1455',9.00,5.00,7.00),(306,'B21DCVT189','D21VTMD2','TEL1456',6.00,8.00,6.00),(307,'B21DCVT189','D21VTMD2','TEL1458',7.00,8.00,9.00),(308,'B21DCVT189','D21VTMD2','TEL1459',8.00,10.00,7.00),(309,'B21DCVT202','D21VTMD1','TEL1447',4.00,8.00,7.00),(310,'B21DCVT202','D21VTMD1','TEL1448',4.00,4.00,4.00),(311,'B21DCVT202','D21VTMD1','TEL1450',7.00,9.00,7.00),(312,'B21DCVT202','D21VTMD1','TEL1455',3.00,3.00,3.00),(313,'B21DCVT202','D21VTMD1','TEL1456',7.00,7.00,9.00),(314,'B21DCVT202','D21VTMD1','TEL1458',10.00,6.00,10.00),(315,'B21DCVT202','D21VTMD1','TEL1459',4.00,10.00,4.00),(316,'B21DCVT209','D21VTMD1','TEL1447',4.00,4.00,8.00),(317,'B21DCVT209','D21VTMD1','TEL1448',5.00,9.00,4.00),(318,'B21DCVT209','D21VTMD1','TEL1450',6.00,4.00,4.00),(319,'B21DCVT209','D21VTMD1','TEL1455',10.00,4.00,6.00),(320,'B21DCVT209','D21VTMD1','TEL1456',4.00,9.00,9.00),(321,'B21DCVT209','D21VTMD1','TEL1458',4.00,4.00,4.00),(322,'B21DCVT209','D21VTMD1','TEL1459',6.00,10.00,4.00),(323,'B21DCVT210','D21VTMD1','TEL1447',7.00,6.00,8.00),(324,'B21DCVT210','D21VTMD1','TEL1448',6.00,4.00,7.00),(325,'B21DCVT210','D21VTMD1','TEL1450',7.00,7.00,5.00),(326,'B21DCVT210','D21VTMD1','TEL1455',6.00,5.00,6.00),(327,'B21DCVT210','D21VTMD1','TEL1456',5.00,6.00,8.00),(328,'B21DCVT210','D21VTMD1','TEL1458',9.00,10.00,8.00),(329,'B21DCVT210','D21VTMD1','TEL1459',6.00,4.00,4.00),(330,'B21DCVT211','D21VTMD2','TEL1447',7.00,4.00,10.00),(331,'B21DCVT211','D21VTMD2','TEL1448',9.00,9.00,6.00),(332,'B21DCVT211','D21VTMD2','TEL1450',4.00,10.00,8.00),(333,'B21DCVT211','D21VTMD2','TEL1455',5.00,10.00,6.00),(334,'B21DCVT211','D21VTMD2','TEL1456',10.00,6.00,5.00),(335,'B21DCVT211','D21VTMD2','TEL1458',10.00,4.00,8.00),(336,'B21DCVT211','D21VTMD2','TEL1459',8.00,4.00,6.00),(337,'B21DCVT212','D21VTMD2','TEL1447',8.00,8.00,8.00),(338,'B21DCVT212','D21VTMD2','TEL1448',8.00,6.00,5.00),(339,'B21DCVT212','D21VTMD2','TEL1450',10.00,6.00,4.00),(340,'B21DCVT212','D21VTMD2','TEL1455',3.00,3.00,3.00),(341,'B21DCVT212','D21VTMD2','TEL1456',5.00,5.00,4.00),(342,'B21DCVT212','D21VTMD2','TEL1458',6.00,10.00,5.00),(343,'B21DCVT212','D21VTMD2','TEL1459',4.00,7.00,6.00),(344,'B21DCVT226','D21VTMD1','TEL1447',5.00,6.00,5.00),(345,'B21DCVT226','D21VTMD1','TEL1448',4.00,9.00,9.00),(346,'B21DCVT226','D21VTMD1','TEL1450',4.00,7.00,7.00),(347,'B21DCVT226','D21VTMD1','TEL1455',9.00,8.00,7.00),(348,'B21DCVT226','D21VTMD1','TEL1456',8.00,10.00,10.00),(349,'B21DCVT226','D21VTMD1','TEL1458',5.00,4.00,7.00),(350,'B21DCVT226','D21VTMD1','TEL1459',7.00,10.00,10.00),(351,'B21DCVT227','D21VTMD2','TEL1447',5.00,9.00,10.00),(352,'B21DCVT227','D21VTMD2','TEL1448',7.00,8.00,9.00),(353,'B21DCVT227','D21VTMD2','TEL1450',8.00,6.00,5.00),(354,'B21DCVT227','D21VTMD2','TEL1455',9.00,7.00,5.00),(355,'B21DCVT227','D21VTMD2','TEL1456',3.00,3.00,3.00),(356,'B21DCVT227','D21VTMD2','TEL1458',5.00,7.00,8.00),(357,'B21DCVT227','D21VTMD2','TEL1459',6.00,5.00,5.00),(358,'B21DCVT243','D21VTMD2','TEL1447',9.00,5.00,6.00),(359,'B21DCVT243','D21VTMD2','TEL1448',5.00,4.00,6.00),(360,'B21DCVT243','D21VTMD2','TEL1450',3.00,3.00,3.00),(361,'B21DCVT243','D21VTMD2','TEL1455',10.00,6.00,8.00),(362,'B21DCVT243','D21VTMD2','TEL1456',7.00,8.00,9.00),(363,'B21DCVT243','D21VTMD2','TEL1458',3.00,3.00,3.00),(364,'B21DCVT243','D21VTMD2','TEL1459',7.00,10.00,7.00),(365,'B21DCVT249','D21VTMD1','TEL1447',10.00,7.00,8.00),(366,'B21DCVT249','D21VTMD1','TEL1448',3.00,3.00,3.00),(367,'B21DCVT249','D21VTMD1','TEL1450',5.00,10.00,4.00),(368,'B21DCVT249','D21VTMD1','TEL1455',5.00,6.00,9.00),(369,'B21DCVT249','D21VTMD1','TEL1456',3.00,3.00,3.00),(370,'B21DCVT249','D21VTMD1','TEL1458',9.00,7.00,7.00),(371,'B21DCVT249','D21VTMD1','TEL1459',3.00,3.00,3.00),(372,'B21DCVT250','D21VTMD1','TEL1447',9.00,8.00,8.00),(373,'B21DCVT250','D21VTMD1','TEL1448',6.00,7.00,10.00),(374,'B21DCVT250','D21VTMD1','TEL1450',9.00,4.00,8.00),(375,'B21DCVT250','D21VTMD1','TEL1455',8.00,6.00,10.00),(376,'B21DCVT250','D21VTMD1','TEL1456',9.00,6.00,8.00),(377,'B21DCVT250','D21VTMD1','TEL1458',3.00,3.00,3.00),(378,'B21DCVT250','D21VTMD1','TEL1459',5.00,9.00,10.00),(379,'B21DCVT251','D21VTMD2','TEL1447',5.00,6.00,8.00),(380,'B21DCVT251','D21VTMD2','TEL1448',5.00,10.00,5.00),(381,'B21DCVT251','D21VTMD2','TEL1450',8.00,5.00,8.00),(382,'B21DCVT251','D21VTMD2','TEL1455',4.00,6.00,8.00),(383,'B21DCVT251','D21VTMD2','TEL1456',10.00,6.00,4.00),(384,'B21DCVT251','D21VTMD2','TEL1458',6.00,6.00,9.00),(385,'B21DCVT251','D21VTMD2','TEL1459',4.00,6.00,6.00),(386,'B21DCVT257','D21VTMD1','TEL1447',5.00,9.00,8.00),(387,'B21DCVT257','D21VTMD1','TEL1448',3.00,3.00,3.00),(388,'B21DCVT257','D21VTMD1','TEL1450',8.00,8.00,5.00),(389,'B21DCVT257','D21VTMD1','TEL1455',6.00,8.00,7.00),(390,'B21DCVT257','D21VTMD1','TEL1456',8.00,4.00,4.00),(391,'B21DCVT257','D21VTMD1','TEL1458',6.00,6.00,4.00),(392,'B21DCVT257','D21VTMD1','TEL1459',7.00,9.00,10.00),(393,'B21DCVT259','D21VTMD2','TEL1447',3.00,3.00,3.00),(394,'B21DCVT259','D21VTMD2','TEL1448',10.00,9.00,8.00),(395,'B21DCVT259','D21VTMD2','TEL1450',4.00,6.00,8.00),(396,'B21DCVT259','D21VTMD2','TEL1455',6.00,5.00,5.00),(397,'B21DCVT259','D21VTMD2','TEL1456',4.00,8.00,4.00),(398,'B21DCVT259','D21VTMD2','TEL1458',7.00,4.00,8.00),(399,'B21DCVT259','D21VTMD2','TEL1459',6.00,4.00,4.00),(400,'B21DCVT265','D21VTMD1','TEL1447',7.00,9.00,10.00),(401,'B21DCVT265','D21VTMD1','TEL1448',10.00,5.00,8.00),(402,'B21DCVT265','D21VTMD1','TEL1450',3.00,3.00,3.00),(403,'B21DCVT265','D21VTMD1','TEL1455',6.00,10.00,7.00),(404,'B21DCVT265','D21VTMD1','TEL1456',3.00,3.00,3.00),(405,'B21DCVT265','D21VTMD1','TEL1458',9.00,5.00,6.00),(406,'B21DCVT265','D21VTMD1','TEL1459',10.00,6.00,5.00),(407,'B21DCVT266','D21VTMD1','TEL1447',4.00,7.00,9.00),(408,'B21DCVT266','D21VTMD1','TEL1448',8.00,8.00,9.00),(409,'B21DCVT266','D21VTMD1','TEL1450',8.00,7.00,7.00),(410,'B21DCVT266','D21VTMD1','TEL1455',8.00,9.00,10.00),(411,'B21DCVT266','D21VTMD1','TEL1456',6.00,6.00,7.00),(412,'B21DCVT266','D21VTMD1','TEL1458',4.00,4.00,5.00),(413,'B21DCVT266','D21VTMD1','TEL1459',8.00,7.00,5.00),(414,'B21DCVT268','D21VTMD2','TEL1447',7.00,5.00,6.00),(415,'B21DCVT268','D21VTMD2','TEL1448',6.00,5.00,8.00),(416,'B21DCVT268','D21VTMD2','TEL1450',5.00,5.00,9.00),(417,'B21DCVT268','D21VTMD2','TEL1455',7.00,6.00,8.00),(418,'B21DCVT268','D21VTMD2','TEL1456',6.00,10.00,5.00),(419,'B21DCVT268','D21VTMD2','TEL1458',7.00,7.00,5.00),(420,'B21DCVT268','D21VTMD2','TEL1459',4.00,9.00,10.00),(421,'B21DCVT276','D21VTMD2','TEL1447',7.00,6.00,4.00),(422,'B21DCVT276','D21VTMD2','TEL1448',6.00,8.00,6.00),(423,'B21DCVT276','D21VTMD2','TEL1450',7.00,9.00,5.00),(424,'B21DCVT276','D21VTMD2','TEL1455',3.00,3.00,3.00),(425,'B21DCVT276','D21VTMD2','TEL1456',7.00,10.00,7.00),(426,'B21DCVT276','D21VTMD2','TEL1458',4.00,10.00,6.00),(427,'B21DCVT276','D21VTMD2','TEL1459',10.00,6.00,7.00),(428,'B21DCVT283','D21VTMD2','TEL1447',9.00,10.00,5.00),(429,'B21DCVT283','D21VTMD2','TEL1448',5.00,6.00,6.00),(430,'B21DCVT283','D21VTMD2','TEL1450',7.00,4.00,10.00),(431,'B21DCVT283','D21VTMD2','TEL1455',9.00,7.00,9.00),(432,'B21DCVT283','D21VTMD2','TEL1456',4.00,8.00,6.00),(433,'B21DCVT283','D21VTMD2','TEL1458',5.00,7.00,4.00),(434,'B21DCVT283','D21VTMD2','TEL1459',5.00,4.00,8.00),(435,'B21DCVT307','D21VTMD2','TEL1447',6.00,8.00,5.00),(436,'B21DCVT307','D21VTMD2','TEL1448',8.00,7.00,5.00),(437,'B21DCVT307','D21VTMD2','TEL1450',5.00,10.00,8.00),(438,'B21DCVT307','D21VTMD2','TEL1455',5.00,4.00,5.00),(439,'B21DCVT307','D21VTMD2','TEL1456',5.00,4.00,5.00),(440,'B21DCVT307','D21VTMD2','TEL1458',6.00,9.00,9.00),(441,'B21DCVT307','D21VTMD2','TEL1459',7.00,7.00,6.00),(442,'B21DCVT312','D21VTMD1','TEL1447',9.00,10.00,5.00),(443,'B21DCVT312','D21VTMD1','TEL1448',4.00,10.00,9.00),(444,'B21DCVT312','D21VTMD1','TEL1450',4.00,4.00,9.00),(445,'B21DCVT312','D21VTMD1','TEL1455',10.00,7.00,8.00),(446,'B21DCVT312','D21VTMD1','TEL1456',4.00,5.00,7.00),(447,'B21DCVT312','D21VTMD1','TEL1458',4.00,4.00,8.00),(448,'B21DCVT312','D21VTMD1','TEL1459',10.00,7.00,6.00),(449,'B21DCVT313','D21VTMD1','TEL1447',10.00,7.00,5.00),(450,'B21DCVT313','D21VTMD1','TEL1448',6.00,7.00,5.00),(451,'B21DCVT313','D21VTMD1','TEL1450',7.00,10.00,8.00),(452,'B21DCVT313','D21VTMD1','TEL1455',6.00,10.00,10.00),(453,'B21DCVT313','D21VTMD1','TEL1456',4.00,9.00,10.00),(454,'B21DCVT313','D21VTMD1','TEL1458',7.00,6.00,10.00),(455,'B21DCVT313','D21VTMD1','TEL1459',4.00,4.00,5.00),(456,'B21DCVT314','D21VTMD1','TEL1447',9.00,5.00,6.00),(457,'B21DCVT314','D21VTMD1','TEL1448',3.00,3.00,3.00),(458,'B21DCVT314','D21VTMD1','TEL1450',6.00,7.00,6.00),(459,'B21DCVT314','D21VTMD1','TEL1455',5.00,5.00,7.00),(460,'B21DCVT314','D21VTMD1','TEL1456',3.00,3.00,3.00),(461,'B21DCVT314','D21VTMD1','TEL1458',3.00,3.00,3.00),(462,'B21DCVT314','D21VTMD1','TEL1459',4.00,8.00,4.00),(463,'B21DCVT322','D21VTMD1','TEL1447',9.00,9.00,6.00),(464,'B21DCVT322','D21VTMD1','TEL1448',9.00,4.00,5.00),(465,'B21DCVT322','D21VTMD1','TEL1450',7.00,6.00,10.00),(466,'B21DCVT322','D21VTMD1','TEL1455',6.00,7.00,8.00),(467,'B21DCVT322','D21VTMD1','TEL1456',4.00,7.00,9.00),(468,'B21DCVT322','D21VTMD1','TEL1458',4.00,8.00,10.00),(469,'B21DCVT322','D21VTMD1','TEL1459',8.00,5.00,8.00),(470,'B21DCVT323','D21VTMD2','TEL1447',6.00,6.00,5.00),(471,'B21DCVT323','D21VTMD2','TEL1448',4.00,4.00,4.00),(472,'B21DCVT323','D21VTMD2','TEL1450',4.00,5.00,6.00),(473,'B21DCVT323','D21VTMD2','TEL1455',8.00,9.00,10.00),(474,'B21DCVT323','D21VTMD2','TEL1456',6.00,5.00,7.00),(475,'B21DCVT323','D21VTMD2','TEL1458',9.00,10.00,10.00),(476,'B21DCVT323','D21VTMD2','TEL1459',4.00,5.00,7.00),(477,'B21DCVT324','D21VTMD2','TEL1447',10.00,6.00,8.00),(478,'B21DCVT324','D21VTMD2','TEL1448',5.00,10.00,5.00),(479,'B21DCVT324','D21VTMD2','TEL1450',6.00,7.00,5.00),(480,'B21DCVT324','D21VTMD2','TEL1455',3.00,3.00,3.00),(481,'B21DCVT324','D21VTMD2','TEL1456',9.00,9.00,6.00),(482,'B21DCVT324','D21VTMD2','TEL1458',5.00,6.00,8.00),(483,'B21DCVT324','D21VTMD2','TEL1459',8.00,5.00,7.00),(484,'B21DCVT331','D21VTMD2','TEL1447',9.00,10.00,10.00),(485,'B21DCVT331','D21VTMD2','TEL1448',9.00,5.00,9.00),(486,'B21DCVT331','D21VTMD2','TEL1450',8.00,7.00,8.00),(487,'B21DCVT331','D21VTMD2','TEL1455',8.00,6.00,5.00),(488,'B21DCVT331','D21VTMD2','TEL1456',5.00,9.00,4.00),(489,'B21DCVT331','D21VTMD2','TEL1458',3.00,3.00,3.00),(490,'B21DCVT331','D21VTMD2','TEL1459',5.00,6.00,7.00),(491,'B21DCVT337','D21VTMD1','TEL1447',4.00,6.00,9.00),(492,'B21DCVT337','D21VTMD1','TEL1448',8.00,4.00,4.00),(493,'B21DCVT337','D21VTMD1','TEL1450',6.00,8.00,8.00),(494,'B21DCVT337','D21VTMD1','TEL1455',3.00,3.00,3.00),(495,'B21DCVT337','D21VTMD1','TEL1456',5.00,8.00,4.00),(496,'B21DCVT337','D21VTMD1','TEL1458',7.00,8.00,8.00),(497,'B21DCVT337','D21VTMD1','TEL1459',6.00,8.00,9.00),(498,'B21DCVT339','D21VTMD2','TEL1447',5.00,5.00,8.00),(499,'B21DCVT339','D21VTMD2','TEL1448',6.00,7.00,9.00),(500,'B21DCVT339','D21VTMD2','TEL1450',10.00,7.00,7.00),(501,'B21DCVT339','D21VTMD2','TEL1455',3.00,3.00,3.00),(502,'B21DCVT339','D21VTMD2','TEL1456',10.00,4.00,10.00),(503,'B21DCVT339','D21VTMD2','TEL1458',5.00,10.00,10.00),(504,'B21DCVT339','D21VTMD2','TEL1459',9.00,8.00,7.00),(505,'B21DCVT345','D21VTMD1','TEL1447',3.00,3.00,3.00),(506,'B21DCVT345','D21VTMD1','TEL1448',4.00,6.00,4.00),(507,'B21DCVT345','D21VTMD1','TEL1450',6.00,6.00,5.00),(508,'B21DCVT345','D21VTMD1','TEL1455',8.00,10.00,9.00),(509,'B21DCVT345','D21VTMD1','TEL1456',3.00,3.00,3.00),(510,'B21DCVT345','D21VTMD1','TEL1458',4.00,9.00,7.00),(511,'B21DCVT345','D21VTMD1','TEL1459',8.00,6.00,9.00),(512,'B21DCVT346','D21VTMD1','TEL1447',7.00,4.00,5.00),(513,'B21DCVT346','D21VTMD1','TEL1448',8.00,6.00,7.00),(514,'B21DCVT346','D21VTMD1','TEL1450',10.00,4.00,6.00),(515,'B21DCVT346','D21VTMD1','TEL1455',7.00,5.00,5.00),(516,'B21DCVT346','D21VTMD1','TEL1456',5.00,5.00,9.00),(517,'B21DCVT346','D21VTMD1','TEL1458',8.00,5.00,8.00),(518,'B21DCVT346','D21VTMD1','TEL1459',9.00,7.00,10.00),(519,'B21DCVT354','D21VTMD1','TEL1447',5.00,7.00,10.00),(520,'B21DCVT354','D21VTMD1','TEL1448',6.00,4.00,9.00),(521,'B21DCVT354','D21VTMD1','TEL1450',7.00,9.00,7.00),(522,'B21DCVT354','D21VTMD1','TEL1455',5.00,10.00,4.00),(523,'B21DCVT354','D21VTMD1','TEL1456',3.00,3.00,3.00),(524,'B21DCVT354','D21VTMD1','TEL1458',9.00,6.00,4.00),(525,'B21DCVT354','D21VTMD1','TEL1459',9.00,6.00,10.00),(526,'B21DCVT361','D21VTMD1','TEL1447',7.00,4.00,4.00),(527,'B21DCVT361','D21VTMD1','TEL1448',8.00,10.00,8.00),(528,'B21DCVT361','D21VTMD1','TEL1450',6.00,8.00,5.00),(529,'B21DCVT361','D21VTMD1','TEL1455',6.00,6.00,4.00),(530,'B21DCVT361','D21VTMD1','TEL1456',3.00,3.00,3.00),(531,'B21DCVT361','D21VTMD1','TEL1458',3.00,3.00,3.00),(532,'B21DCVT361','D21VTMD1','TEL1459',4.00,10.00,6.00),(533,'B21DCVT362','D21VTMD1','TEL1447',10.00,5.00,9.00),(534,'B21DCVT362','D21VTMD1','TEL1448',3.00,3.00,3.00),(535,'B21DCVT362','D21VTMD1','TEL1450',5.00,10.00,6.00),(536,'B21DCVT362','D21VTMD1','TEL1455',10.00,10.00,5.00),(537,'B21DCVT362','D21VTMD1','TEL1456',8.00,7.00,4.00),(538,'B21DCVT362','D21VTMD1','TEL1458',9.00,6.00,10.00),(539,'B21DCVT362','D21VTMD1','TEL1459',6.00,6.00,4.00),(540,'B21DCVT369','D21VTMD1','TEL1447',10.00,6.00,7.00),(541,'B21DCVT369','D21VTMD1','TEL1448',6.00,9.00,10.00),(542,'B21DCVT369','D21VTMD1','TEL1450',6.00,8.00,7.00),(543,'B21DCVT369','D21VTMD1','TEL1455',6.00,8.00,6.00),(544,'B21DCVT369','D21VTMD1','TEL1456',6.00,6.00,4.00),(545,'B21DCVT369','D21VTMD1','TEL1458',10.00,9.00,5.00),(546,'B21DCVT369','D21VTMD1','TEL1459',7.00,8.00,5.00),(547,'B21DCVT370','D21VTMD1','TEL1447',6.00,10.00,9.00),(548,'B21DCVT370','D21VTMD1','TEL1448',6.00,9.00,7.00),(549,'B21DCVT370','D21VTMD1','TEL1450',6.00,8.00,5.00),(550,'B21DCVT370','D21VTMD1','TEL1455',7.00,10.00,4.00),(551,'B21DCVT370','D21VTMD1','TEL1456',9.00,8.00,5.00),(552,'B21DCVT370','D21VTMD1','TEL1458',9.00,6.00,6.00),(553,'B21DCVT370','D21VTMD1','TEL1459',9.00,9.00,4.00),(554,'B21DCVT378','D21VTMD1','TEL1448',9.08,9.28,9.18),(555,'B21DCVT378','D21VTMD2','TEL1447',9.07,9.79,9.76),(556,'B21DCVT378','D21VTMD2','TEL1448',9.42,9.81,9.78),(557,'B21DCVT378','D21VTMD2','TEL1450',9.46,9.99,9.57),(558,'B21DCVT378','D21VTMD2','TEL1455',9.89,9.74,9.02),(559,'B21DCVT378','D21VTMD2','TEL1456',9.90,9.44,9.47),(560,'B21DCVT378','D21VTMD2','TEL1458',9.05,9.85,9.08),(561,'B21DCVT378','D21VTMD2','TEL1459',9.87,9.11,9.93),(562,'B21DCVT379','D21VTMD2','TEL1447',5.00,8.00,5.00),(563,'B21DCVT379','D21VTMD2','TEL1448',6.00,8.00,6.00),(564,'B21DCVT379','D21VTMD2','TEL1450',5.00,7.00,9.00),(565,'B21DCVT379','D21VTMD2','TEL1455',5.00,7.00,5.00),(566,'B21DCVT379','D21VTMD2','TEL1456',10.00,5.00,10.00),(567,'B21DCVT379','D21VTMD2','TEL1458',8.00,7.00,10.00),(568,'B21DCVT379','D21VTMD2','TEL1459',10.00,5.00,6.00),(569,'B21DCVT380','D21VTMD2','TEL1447',4.00,4.00,5.00),(570,'B21DCVT380','D21VTMD2','TEL1448',10.00,5.00,5.00),(571,'B21DCVT380','D21VTMD2','TEL1450',10.00,10.00,7.00),(572,'B21DCVT380','D21VTMD2','TEL1455',7.00,8.00,6.00),(573,'B21DCVT380','D21VTMD2','TEL1456',5.00,4.00,10.00),(574,'B21DCVT380','D21VTMD2','TEL1458',9.00,4.00,5.00),(575,'B21DCVT380','D21VTMD2','TEL1459',4.00,6.00,7.00),(576,'B21DCVT387','D21VTMD2','TEL1447',4.00,7.00,6.00),(577,'B21DCVT387','D21VTMD2','TEL1448',5.00,9.00,6.00),(578,'B21DCVT387','D21VTMD2','TEL1450',6.00,6.00,5.00),(579,'B21DCVT387','D21VTMD2','TEL1455',3.00,3.00,3.00),(580,'B21DCVT387','D21VTMD2','TEL1456',6.00,7.00,8.00),(581,'B21DCVT387','D21VTMD2','TEL1458',4.00,8.00,10.00),(582,'B21DCVT387','D21VTMD2','TEL1459',5.00,7.00,7.00),(583,'B21DCVT393','D21VTMD1','TEL1447',10.00,7.00,6.00),(584,'B21DCVT393','D21VTMD1','TEL1448',4.00,8.00,10.00),(585,'B21DCVT393','D21VTMD1','TEL1450',4.00,5.00,6.00),(586,'B21DCVT393','D21VTMD1','TEL1455',5.00,5.00,9.00),(587,'B21DCVT393','D21VTMD1','TEL1456',10.00,9.00,6.00),(588,'B21DCVT393','D21VTMD1','TEL1458',9.00,4.00,10.00),(589,'B21DCVT393','D21VTMD1','TEL1459',7.00,6.00,9.00),(590,'B21DCVT394','D21VTMD2','TEL1447',5.00,6.00,4.00),(591,'B21DCVT394','D21VTMD2','TEL1448',9.00,10.00,4.00),(592,'B21DCVT394','D21VTMD2','TEL1450',8.00,5.00,8.00),(593,'B21DCVT394','D21VTMD2','TEL1455',6.00,9.00,6.00),(594,'B21DCVT394','D21VTMD2','TEL1456',6.00,7.00,5.00),(595,'B21DCVT394','D21VTMD2','TEL1458',8.00,4.00,7.00),(596,'B21DCVT394','D21VTMD2','TEL1459',7.00,4.00,6.00),(597,'B21DCVT395','D21VTMD2','TEL1447',9.00,8.00,8.00),(598,'B21DCVT395','D21VTMD2','TEL1448',4.00,6.00,6.00),(599,'B21DCVT395','D21VTMD2','TEL1450',8.00,9.00,10.00),(600,'B21DCVT395','D21VTMD2','TEL1455',5.00,8.00,7.00),(601,'B21DCVT395','D21VTMD2','TEL1456',8.00,5.00,10.00),(602,'B21DCVT395','D21VTMD2','TEL1458',10.00,8.00,8.00),(603,'B21DCVT395','D21VTMD2','TEL1459',9.00,8.00,6.00),(604,'B21DCVT401','D21VTMD1','TEL1447',4.00,7.00,5.00),(605,'B21DCVT401','D21VTMD1','TEL1448',4.00,10.00,4.00),(606,'B21DCVT401','D21VTMD1','TEL1450',9.00,9.00,10.00),(607,'B21DCVT401','D21VTMD1','TEL1455',5.00,10.00,6.00),(608,'B21DCVT401','D21VTMD1','TEL1456',5.00,7.00,4.00),(609,'B21DCVT401','D21VTMD1','TEL1458',8.00,5.00,10.00),(610,'B21DCVT401','D21VTMD1','TEL1459',4.00,10.00,5.00),(611,'B21DCVT409','D21VTMD1','TEL1447',9.00,10.00,8.00),(612,'B21DCVT409','D21VTMD1','TEL1448',5.00,10.00,8.00),(613,'B21DCVT409','D21VTMD1','TEL1450',3.00,3.00,3.00),(614,'B21DCVT409','D21VTMD1','TEL1455',6.00,8.00,4.00),(615,'B21DCVT409','D21VTMD1','TEL1456',3.00,3.00,3.00),(616,'B21DCVT409','D21VTMD1','TEL1458',6.00,6.00,5.00),(617,'B21DCVT409','D21VTMD1','TEL1459',9.00,4.00,4.00),(618,'B21DCVT410','D21VTMD2','TEL1447',7.00,8.00,4.00),(619,'B21DCVT410','D21VTMD2','TEL1448',3.00,3.00,3.00),(620,'B21DCVT410','D21VTMD2','TEL1450',9.00,10.00,9.00),(621,'B21DCVT410','D21VTMD2','TEL1455',5.00,10.00,6.00),(622,'B21DCVT410','D21VTMD2','TEL1456',3.00,3.00,3.00),(623,'B21DCVT410','D21VTMD2','TEL1458',6.00,9.00,6.00),(624,'B21DCVT410','D21VTMD2','TEL1459',4.00,9.00,6.00),(625,'B21DCVT411','D21VTMD2','TEL1447',4.00,5.00,6.00),(626,'B21DCVT411','D21VTMD2','TEL1448',7.00,10.00,10.00),(627,'B21DCVT411','D21VTMD2','TEL1450',5.00,4.00,10.00),(628,'B21DCVT411','D21VTMD2','TEL1455',4.00,6.00,10.00),(629,'B21DCVT411','D21VTMD2','TEL1456',6.00,5.00,6.00),(630,'B21DCVT411','D21VTMD2','TEL1458',4.00,9.00,8.00),(631,'B21DCVT411','D21VTMD2','TEL1459',5.00,8.00,7.00),(632,'B21DCVT417','D21VTMD1','TEL1447',4.00,5.00,8.00),(633,'B21DCVT417','D21VTMD1','TEL1448',6.00,7.00,5.00),(634,'B21DCVT417','D21VTMD1','TEL1450',7.00,7.00,6.00),(635,'B21DCVT417','D21VTMD1','TEL1455',10.00,7.00,9.00),(636,'B21DCVT417','D21VTMD1','TEL1456',10.00,7.00,4.00),(637,'B21DCVT417','D21VTMD1','TEL1458',6.00,5.00,10.00),(638,'B21DCVT417','D21VTMD1','TEL1459',4.00,5.00,9.00),(639,'B21DCVT425','D21VTMD1','TEL1447',7.00,8.00,10.00),(640,'B21DCVT425','D21VTMD1','TEL1448',9.00,6.00,10.00),(641,'B21DCVT425','D21VTMD1','TEL1450',6.00,5.00,7.00),(642,'B21DCVT425','D21VTMD1','TEL1455',3.00,3.00,3.00),(643,'B21DCVT425','D21VTMD1','TEL1456',7.00,7.00,8.00),(644,'B21DCVT425','D21VTMD1','TEL1458',10.00,9.00,9.00),(645,'B21DCVT425','D21VTMD1','TEL1459',10.00,4.00,6.00),(646,'B21DCVT433','D21VTMD1','TEL1447',7.00,6.00,7.00),(647,'B21DCVT433','D21VTMD1','TEL1448',3.00,3.00,3.00),(648,'B21DCVT433','D21VTMD1','TEL1450',9.00,4.00,6.00),(649,'B21DCVT433','D21VTMD1','TEL1455',4.00,8.00,10.00),(650,'B21DCVT433','D21VTMD1','TEL1456',3.00,3.00,3.00),(651,'B21DCVT433','D21VTMD1','TEL1458',7.00,5.00,4.00),(652,'B21DCVT433','D21VTMD1','TEL1459',5.00,6.00,5.00),(653,'B21DCVT434','D21VTMD2','TEL1447',10.00,10.00,8.00),(654,'B21DCVT434','D21VTMD2','TEL1448',6.00,7.00,7.00),(655,'B21DCVT434','D21VTMD2','TEL1450',4.00,6.00,7.00),(656,'B21DCVT434','D21VTMD2','TEL1455',9.00,9.00,4.00),(657,'B21DCVT434','D21VTMD2','TEL1456',4.00,7.00,6.00),(658,'B21DCVT434','D21VTMD2','TEL1458',8.00,6.00,7.00),(659,'B21DCVT434','D21VTMD2','TEL1459',3.00,3.00,3.00),(660,'B21DCVT436','D21VTMD2','TEL1447',4.00,9.00,4.00),(661,'B21DCVT436','D21VTMD2','TEL1448',4.00,7.00,4.00),(662,'B21DCVT436','D21VTMD2','TEL1450',8.00,7.00,7.00),(663,'B21DCVT436','D21VTMD2','TEL1455',7.00,10.00,5.00),(664,'B21DCVT436','D21VTMD2','TEL1456',3.00,3.00,3.00),(665,'B21DCVT436','D21VTMD2','TEL1458',7.00,8.00,10.00),(666,'B21DCVT436','D21VTMD2','TEL1459',4.00,9.00,9.00),(667,'B21DCVT441','D21VTMD1','TEL1447',3.00,3.00,3.00),(668,'B21DCVT441','D21VTMD1','TEL1448',4.00,9.00,9.00),(669,'B21DCVT441','D21VTMD1','TEL1450',6.00,5.00,5.00),(670,'B21DCVT441','D21VTMD1','TEL1455',8.00,5.00,5.00),(671,'B21DCVT441','D21VTMD1','TEL1456',10.00,10.00,7.00),(672,'B21DCVT441','D21VTMD1','TEL1458',5.00,5.00,7.00),(673,'B21DCVT441','D21VTMD1','TEL1459',10.00,6.00,8.00),(674,'B21DCVT449','D21VTMD1','TEL1447',5.00,5.00,6.00),(675,'B21DCVT449','D21VTMD1','TEL1448',10.00,5.00,4.00),(676,'B21DCVT449','D21VTMD1','TEL1450',7.00,6.00,9.00),(677,'B21DCVT449','D21VTMD1','TEL1455',6.00,4.00,10.00),(678,'B21DCVT449','D21VTMD1','TEL1456',6.00,9.00,7.00),(679,'B21DCVT449','D21VTMD1','TEL1458',8.00,10.00,8.00),(680,'B21DCVT449','D21VTMD1','TEL1459',9.00,4.00,5.00),(681,'B21DCVT451','D21VTMD2','TEL1447',4.00,8.00,8.00),(682,'B21DCVT451','D21VTMD2','TEL1448',10.00,5.00,9.00),(683,'B21DCVT451','D21VTMD2','TEL1450',7.00,6.00,9.00),(684,'B21DCVT451','D21VTMD2','TEL1455',3.00,3.00,3.00),(685,'B21DCVT451','D21VTMD2','TEL1456',6.00,10.00,4.00),(686,'B21DCVT451','D21VTMD2','TEL1458',10.00,4.00,4.00),(687,'B21DCVT451','D21VTMD2','TEL1459',4.00,9.00,6.00),(688,'B21DCVT459','D21VTMD2','TEL1447',9.00,10.00,9.00),(689,'B21DCVT459','D21VTMD2','TEL1448',10.00,8.00,5.00),(690,'B21DCVT459','D21VTMD2','TEL1450',5.00,4.00,9.00),(691,'B21DCVT459','D21VTMD2','TEL1455',10.00,6.00,4.00),(692,'B21DCVT459','D21VTMD2','TEL1456',10.00,10.00,5.00),(693,'B21DCVT459','D21VTMD2','TEL1458',10.00,6.00,9.00),(694,'B21DCVT459','D21VTMD2','TEL1459',4.00,4.00,8.00),(695,'B21DCVT460','D21VTMD2','TEL1447',10.00,10.00,5.00),(696,'B21DCVT460','D21VTMD2','TEL1448',9.00,7.00,5.00),(697,'B21DCVT460','D21VTMD2','TEL1450',10.00,10.00,10.00),(698,'B21DCVT460','D21VTMD2','TEL1455',5.00,5.00,9.00),(699,'B21DCVT460','D21VTMD2','TEL1456',10.00,7.00,10.00),(700,'B21DCVT460','D21VTMD2','TEL1458',7.00,7.00,6.00),(701,'B21DCVT460','D21VTMD2','TEL1459',3.00,3.00,3.00),(702,'B21DCVT464','D21VTMD1','TEL1447',8.00,9.00,5.00),(703,'B21DCVT464','D21VTMD1','TEL1448',6.00,10.00,7.00),(704,'B21DCVT464','D21VTMD1','TEL1450',6.00,5.00,5.00),(705,'B21DCVT464','D21VTMD1','TEL1455',4.00,6.00,5.00),(706,'B21DCVT464','D21VTMD1','TEL1456',7.00,6.00,9.00),(707,'B21DCVT464','D21VTMD1','TEL1458',7.00,6.00,5.00),(708,'B21DCVT464','D21VTMD1','TEL1459',4.00,5.00,10.00),(709,'B21DCVT465','D21VTMD1','TEL1447',10.00,9.00,7.00),(710,'B21DCVT465','D21VTMD1','TEL1448',9.00,8.00,9.00),(711,'B21DCVT465','D21VTMD1','TEL1450',6.00,6.00,8.00),(712,'B21DCVT465','D21VTMD1','TEL1455',10.00,10.00,6.00),(713,'B21DCVT465','D21VTMD1','TEL1456',9.00,5.00,10.00),(714,'B21DCVT465','D21VTMD1','TEL1458',10.00,7.00,4.00),(715,'B21DCVT465','D21VTMD1','TEL1459',5.00,7.00,9.00),(716,'B21DCVT468','D21VTMD2','TEL1447',4.00,6.00,4.00),(717,'B21DCVT468','D21VTMD2','TEL1448',3.00,3.00,3.00),(718,'B21DCVT468','D21VTMD2','TEL1450',4.00,8.00,10.00),(719,'B21DCVT468','D21VTMD2','TEL1455',3.00,3.00,3.00),(720,'B21DCVT468','D21VTMD2','TEL1456',5.00,7.00,9.00),(721,'B21DCVT468','D21VTMD2','TEL1458',5.00,6.00,10.00),(722,'B21DCVT468','D21VTMD2','TEL1459',9.00,10.00,9.00),(723,'B21DCVT473','D21VTMD1','TEL1447',8.00,5.00,10.00),(724,'B21DCVT473','D21VTMD1','TEL1448',10.00,4.00,4.00),(725,'B21DCVT473','D21VTMD1','TEL1450',4.00,5.00,5.00),(726,'B21DCVT473','D21VTMD1','TEL1455',8.00,4.00,7.00),(727,'B21DCVT473','D21VTMD1','TEL1456',7.00,8.00,9.00),(728,'B21DCVT473','D21VTMD1','TEL1458',5.00,10.00,10.00),(729,'B21DCVT473','D21VTMD1','TEL1459',9.00,8.00,7.00),(730,'N21DCVT017B','D21VTMD1','TEL1447',6.00,7.00,10.00),(731,'N21DCVT017B','D21VTMD1','TEL1448',10.00,9.00,10.00),(732,'N21DCVT017B','D21VTMD1','TEL1450',10.00,7.00,7.00),(733,'N21DCVT017B','D21VTMD1','TEL1455',7.00,5.00,8.00),(734,'N21DCVT017B','D21VTMD1','TEL1456',8.00,10.00,5.00),(735,'N21DCVT017B','D21VTMD1','TEL1458',9.00,8.00,8.00),(736,'N21DCVT017B','D21VTMD1','TEL1459',5.00,8.00,10.00),(737,'B21DCVT690','D21VTMD1','TEL1447',0.00,0.00,0.00);
/*!40000 ALTER TABLE `DiemMon` ENABLE KEYS */;
UNLOCK TABLES;

--
-- Table structure for table `DoAn`
--

DROP TABLE IF EXISTS `DoAn`;
/*!40101 SET @saved_cs_client     = @@character_set_client */;
/*!50503 SET character_set_client = utf8mb4 */;
CREATE TABLE `DoAn` (
  `doan_id` int NOT NULL AUTO_INCREMENT,
  `msv` varchar(20) NOT NULL,
  `ten_de_tai` varchar(200) NOT NULL,
  `ma_giangvien` varchar(10) DEFAULT NULL,
  `ngay_dang_ky` date NOT NULL,
  PRIMARY KEY (`doan_id`),
  KEY `fk_doan_sv` (`msv`),
  KEY `fk_doan_gv` (`ma_giangvien`),
  CONSTRAINT `fk_doan_gv` FOREIGN KEY (`ma_giangvien`) REFERENCES `GiangVien` (`ma_giangvien`) ON DELETE SET NULL ON UPDATE CASCADE,
  CONSTRAINT `fk_doan_sv` FOREIGN KEY (`msv`) REFERENCES `SinhVien` (`msv`) ON DELETE CASCADE ON UPDATE CASCADE
) ENGINE=InnoDB AUTO_INCREMENT=8 DEFAULT CHARSET=utf8mb4 COLLATE=utf8mb4_0900_ai_ci;
/*!40101 SET character_set_client = @saved_cs_client */;

--
-- Dumping data for table `DoAn`
--

LOCK TABLES `DoAn` WRITE;
/*!40000 ALTER TABLE `DoAn` DISABLE KEYS */;
INSERT INTO `DoAn` VALUES (1,'B21DCVT061','Phân tích dữ liệu bán hàng trực tuyến','GV001','2025-04-15'),(2,'B21DCVT067','Hệ thống quản lý kho thông minh','GV001','2025-04-20'),(3,'B21DCVT069','Ứng dụng tối ưu lộ trình giao hàng','GV001','2025-04-25'),(4,'B21DCVT053','Mô hình dự báo nhu cầu hàng hóa','GV002','2025-04-18'),(5,'B21DCVT083','Tối ưu hóa chuỗi cung ứng sử dụng AI','GV002','2025-04-22'),(6,'B21DCVT085','Dashboard báo cáo KPI vận tải','GV002','2025-04-28'),(7,'B21DCVT378','Thiết kế điện toán đám mây tích hợp tăng cường hệ thống AI','GV007','2025-05-04');
/*!40000 ALTER TABLE `DoAn` ENABLE KEYS */;
UNLOCK TABLES;

--
-- Table structure for table `FeeDebt`
--

DROP TABLE IF EXISTS `FeeDebt`;
/*!40101 SET @saved_cs_client     = @@character_set_client */;
/*!50503 SET character_set_client = utf8mb4 */;
CREATE TABLE `FeeDebt` (
  `debt_id` int NOT NULL AUTO_INCREMENT,
  `msv` varchar(20) NOT NULL,
  `khoan_thu` varchar(100) NOT NULL,
  `so_tien` decimal(12,2) NOT NULL,
  `han_thu` date NOT NULL,
  `status` enum('chưa đóng','đã đóng') NOT NULL,
  PRIMARY KEY (`debt_id`),
  KEY `fk_feedebt_sv` (`msv`),
  CONSTRAINT `fk_feedebt_sv` FOREIGN KEY (`msv`) REFERENCES `SinhVien` (`msv`) ON DELETE CASCADE ON UPDATE CASCADE
) ENGINE=InnoDB AUTO_INCREMENT=106 DEFAULT CHARSET=utf8mb4 COLLATE=utf8mb4_0900_ai_ci;
/*!40101 SET character_set_client = @saved_cs_client */;

--
-- Dumping data for table `FeeDebt`
--

LOCK TABLES `FeeDebt` WRITE;
/*!40000 ALTER TABLE `FeeDebt` DISABLE KEYS */;
INSERT INTO `FeeDebt` VALUES (1,'B21DCVT061','Học phí HK2',11000000.00,'2025-04-10','chưa đóng'),(2,'B21DCVT067','Học phí HK2',11000000.00,'2025-04-10','chưa đóng'),(3,'B21DCVT069','Học phí HK2',11000000.00,'2025-04-10','chưa đóng'),(4,'B21DCVT053','Học phí HK2',11000000.00,'2025-04-10','chưa đóng'),(5,'B21DCVT083','Học phí HK2',11000000.00,'2025-04-10','chưa đóng'),(6,'B21DCVT085','Học phí HK2',11000000.00,'2025-04-10','chưa đóng'),(7,'B21DCVT091','Học phí HK2',11000000.00,'2025-04-10','chưa đóng'),(8,'B21DCVT099','Học phí HK2',11000000.00,'2025-04-10','chưa đóng'),(9,'B21DCVT100','Học phí HK2',11000000.00,'2025-04-10','chưa đóng'),(10,'B21DCVT101','Học phí HK2',11000000.00,'2025-04-10','chưa đóng'),(11,'B21DCVT148','Học phí HK2',11000000.00,'2025-04-10','đã đóng'),(12,'B21DCVT163','Học phí HK2',11000000.00,'2025-04-10','đã đóng'),(13,'B21DCVT165','Học phí HK2',11000000.00,'2025-04-10','đã đóng'),(14,'B21DCVT107','Học phí HK2',11000000.00,'2025-04-10','đã đóng'),(15,'B21DCVT109','Học phí HK2',11000000.00,'2025-04-10','đã đóng'),(16,'B21DCVT115','Học phí HK2',11000000.00,'2025-04-10','đã đóng'),(17,'B21DCVT125','Học phí HK2',11000000.00,'2025-04-10','đã đóng'),(18,'B21DCVT131','Học phí HK2',11000000.00,'2025-04-10','đã đóng'),(19,'B21DCVT133','Học phí HK2',11000000.00,'2025-04-10','đã đóng'),(20,'B21DCVT171','Học phí HK2',11000000.00,'2025-04-10','đã đóng'),(21,'B21DCVT179','Học phí HK2',11000000.00,'2025-04-10','đã đóng'),(22,'B21DCVT189','Học phí HK2',11000000.00,'2025-04-10','đã đóng'),(23,'B21DCVT211','Học phí HK2',11000000.00,'2025-04-10','đã đóng'),(24,'B21DCVT212','Học phí HK2',11000000.00,'2025-04-10','đã đóng'),(25,'B21DCVT227','Học phí HK2',11000000.00,'2025-04-10','đã đóng'),(26,'B21DCVT243','Học phí HK2',11000000.00,'2025-04-10','đã đóng'),(27,'B21DCVT251','Học phí HK2',11000000.00,'2025-04-10','đã đóng'),(28,'B21DCVT259','Học phí HK2',11000000.00,'2025-04-10','đã đóng'),(29,'B21DCVT268','Học phí HK2',11000000.00,'2025-04-10','đã đóng'),(30,'B21DCVT276','Học phí HK2',11000000.00,'2025-04-10','đã đóng'),(31,'B21DCVT283','Học phí HK2',11000000.00,'2025-04-10','đã đóng'),(32,'B21DCVT307','Học phí HK2',11000000.00,'2025-04-10','đã đóng'),(33,'B21DCVT035','Học phí HK2',11000000.00,'2025-04-10','đã đóng'),(34,'B21DCVT323','Học phí HK2',11000000.00,'2025-04-10','đã đóng'),(35,'B21DCVT324','Học phí HK2',11000000.00,'2025-04-10','đã đóng'),(36,'B21DCVT331','Học phí HK2',11000000.00,'2025-04-10','đã đóng'),(37,'B21DCVT339','Học phí HK2',11000000.00,'2025-04-10','đã đóng'),(38,'B21DCVT378','Học phí HK2',11000000.00,'2025-04-10','đã đóng'),(39,'B21DCVT379','Học phí HK2',11000000.00,'2025-04-10','đã đóng'),(40,'B21DCVT380','Học phí HK2',11000000.00,'2025-04-10','đã đóng'),(41,'B21DCVT387','Học phí HK2',11000000.00,'2025-04-10','đã đóng'),(42,'B21DCVT394','Học phí HK2',11000000.00,'2025-04-10','đã đóng'),(43,'B21DCVT395','Học phí HK2',11000000.00,'2025-04-10','đã đóng'),(44,'B21DCVT410','Học phí HK2',11000000.00,'2025-04-10','đã đóng'),(45,'B21DCVT411','Học phí HK2',11000000.00,'2025-04-10','đã đóng'),(46,'B21DCVT434','Học phí HK2',11000000.00,'2025-04-10','đã đóng'),(47,'B21DCVT436','Học phí HK2',11000000.00,'2025-04-10','đã đóng'),(48,'B21DCVT451','Học phí HK2',11000000.00,'2025-04-10','đã đóng'),(49,'B21DCVT459','Học phí HK2',11000000.00,'2025-04-10','đã đóng'),(50,'B21DCVT460','Học phí HK2',11000000.00,'2025-04-10','đã đóng'),(51,'B21DCVT468','Học phí HK2',11000000.00,'2025-04-10','đã đóng'),(52,'B21DCVT049','Học phí HK2',11000000.00,'2025-04-10','đã đóng'),(53,'B21DCVT065','Học phí HK2',11000000.00,'2025-04-10','đã đóng'),(54,'B21DCVT066','Học phí HK2',11000000.00,'2025-04-10','đã đóng'),(55,'B21DCVT073','Học phí HK2',11000000.00,'2025-04-10','đã đóng'),(56,'B21DCVT074','Học phí HK2',11000000.00,'2025-04-10','đã đóng'),(57,'B21DCVT086','Học phí HK2',11000000.00,'2025-04-10','đã đóng'),(58,'B21DCVT089','Học phí HK2',11000000.00,'2025-04-10','đã đóng'),(59,'B21DCVT009','Học phí HK2',11000000.00,'2025-04-10','đã đóng'),(60,'B21DCVT090','Học phí HK2',11000000.00,'2025-04-10','đã đóng'),(61,'B21DCVT098','Học phí HK2',11000000.00,'2025-04-10','đã đóng'),(62,'B21DCVT145','Học phí HK2',11000000.00,'2025-04-10','đã đóng'),(63,'B21DCVT146','Học phí HK2',11000000.00,'2025-04-10','đã đóng'),(64,'N21DCVT017B','Học phí HK2',11000000.00,'2025-04-10','đã đóng'),(65,'B21DCVT154','Học phí HK2',11000000.00,'2025-04-10','đã đóng'),(66,'B21DCVT114','Học phí HK2',11000000.00,'2025-04-10','đã đóng'),(67,'B21DCVT121','Học phí HK2',11000000.00,'2025-04-10','đã đóng'),(68,'B21DCVT122','Học phí HK2',11000000.00,'2025-04-10','đã đóng'),(69,'B21DCVT130','Học phí HK2',11000000.00,'2025-04-10','đã đóng'),(70,'B21DCVT170','Học phí HK2',11000000.00,'2025-04-10','đã đóng'),(71,'B21DCVT186','Học phí HK2',11000000.00,'2025-04-10','đã đóng'),(72,'B21DCVT202','Học phí HK2',11000000.00,'2025-04-10','đã đóng'),(73,'B21DCVT209','Học phí HK2',11000000.00,'2025-04-10','đã đóng'),(74,'B21DCVT210','Học phí HK2',11000000.00,'2025-04-10','đã đóng'),(75,'B21DCVT226','Học phí HK2',11000000.00,'2025-04-10','đã đóng'),(76,'B21DCVT249','Học phí HK2',11000000.00,'2025-04-10','đã đóng'),(77,'B21DCVT250','Học phí HK2',11000000.00,'2025-04-10','đã đóng'),(78,'B21DCVT257','Học phí HK2',11000000.00,'2025-04-10','đã đóng'),(79,'B19DCVT192','Học phí HK2',11000000.00,'2025-04-10','đã đóng'),(80,'B21DCVT265','Học phí HK2',11000000.00,'2025-04-10','đã đóng'),(81,'B21DCVT266','Học phí HK2',11000000.00,'2025-04-10','đã đóng'),(82,'B21DCVT312','Học phí HK2',11000000.00,'2025-04-10','đã đóng'),(83,'B21DCVT313','Học phí HK2',11000000.00,'2025-04-10','đã đóng'),(84,'B21DCVT314','Học phí HK2',11000000.00,'2025-04-10','đã đóng'),(85,'B21DCVT322','Học phí HK2',11000000.00,'2025-04-10','đã đóng'),(86,'B21DCVT337','Học phí HK2',11000000.00,'2025-04-10','đã đóng'),(87,'B21DCVT345','Học phí HK2',11000000.00,'2025-04-10','đã đóng'),(88,'B21DCVT346','Học phí HK2',11000000.00,'2025-04-10','đã đóng'),(89,'B21DCVT362','Học phí HK2',11000000.00,'2025-04-10','đã đóng'),(90,'B21DCVT354','Học phí HK2',11000000.00,'2025-04-10','đã đóng'),(91,'B21DCVT361','Học phí HK2',11000000.00,'2025-04-10','đã đóng'),(92,'B21DCVT369','Học phí HK2',11000000.00,'2025-04-10','đã đóng'),(93,'B21DCVT041','Học phí HK2',11000000.00,'2025-04-10','đã đóng'),(94,'B21DCVT370','Học phí HK2',11000000.00,'2025-04-10','đã đóng'),(95,'B21DCVT401','Học phí HK2',11000000.00,'2025-04-10','đã đóng'),(96,'B21DCVT409','Học phí HK2',11000000.00,'2025-04-10','đã đóng'),(97,'B21DCVT393','Học phí HK2',11000000.00,'2025-04-10','đã đóng'),(98,'B21DCVT417','Học phí HK2',11000000.00,'2025-04-10','đã đóng'),(99,'B21DCVT425','Học phí HK2',11000000.00,'2025-04-10','đã đóng'),(100,'B21DCVT433','Học phí HK2',11000000.00,'2025-04-10','đã đóng'),(101,'B21DCVT441','Học phí HK2',11000000.00,'2025-04-10','đã đóng'),(102,'B21DCVT473','Học phí HK2',11000000.00,'2025-04-10','đã đóng'),(103,'B21DCVT449','Học phí HK2',11000000.00,'2025-04-10','đã đóng'),(104,'B21DCVT464','Học phí HK2',11000000.00,'2025-04-10','đã đóng'),(105,'B21DCVT465','Học phí HK2',11000000.00,'2025-04-10','đã đóng');
/*!40000 ALTER TABLE `FeeDebt` ENABLE KEYS */;
UNLOCK TABLES;

--
-- Table structure for table `GiangVien`
--

DROP TABLE IF EXISTS `GiangVien`;
/*!40101 SET @saved_cs_client     = @@character_set_client */;
/*!50503 SET character_set_client = utf8mb4 */;
CREATE TABLE `GiangVien` (
  `ma_giangvien` varchar(10) NOT NULL,
  `ho_ten` varchar(100) NOT NULL,
  `ngay_sinh` date NOT NULL,
  `email` varchar(100) NOT NULL,
  `so_dien_thoai` varchar(20) DEFAULT NULL,
  `hoc_vi` enum('Ths','TS','PGS','GS','Khác') DEFAULT NULL,
  PRIMARY KEY (`ma_giangvien`),
  UNIQUE KEY `email` (`email`)
) ENGINE=InnoDB DEFAULT CHARSET=utf8mb4 COLLATE=utf8mb4_0900_ai_ci;
/*!40101 SET character_set_client = @saved_cs_client */;

--
-- Dumping data for table `GiangVien`
--

LOCK TABLES `GiangVien` WRITE;
/*!40000 ALTER TABLE `GiangVien` DISABLE KEYS */;
INSERT INTO `GiangVien` VALUES ('GV001','Nguyễn Văn An','1982-04-12','an.nguyen@university.edu','0898123456','TS'),('GV002','Trần Thị Mai','1979-07-22','mai.tran@university.edu','0889345671','PGS'),('GV003','Lê Hoàng Nam','1988-11-03','nam.le@university.edu','0879234500','Ths'),('GV004','Phạm Thu Hương','1980-03-14','huong.pham@university.edu','0867892345','GS'),('GV005','Đỗ Quang Huy','1990-01-25','huy.do@university.edu','0834567890','Khác'),('GV006','Vũ Thị Lan','1985-08-09','lan.vu@university.edu','0899988776','PGS'),('GV007','Bùi Mạnh Cường','1975-10-30','cuong.bui@university.edu','0823456123','GS'),('GV008','Hoàng Minh Phúc','1992-06-01','phuc.hoang@university.edu','0856677889','Ths'),('GV009','Ngô Thị Thanh','1983-12-18','thanh.ngo@university.edu','0887766554','TS'),('GV010','Lý Hải Nam','1987-09-05','nam.ly@university.edu','0865432198','PGS');
/*!40000 ALTER TABLE `GiangVien` ENABLE KEYS */;
UNLOCK TABLES;

--
-- Table structure for table `GiangVien_Lop_MonHoc`
--

DROP TABLE IF EXISTS `GiangVien_Lop_MonHoc`;
/*!40101 SET @saved_cs_client     = @@character_set_client */;
/*!50503 SET character_set_client = utf8mb4 */;
CREATE TABLE `GiangVien_Lop_MonHoc` (
  `id` int NOT NULL AUTO_INCREMENT,
  `ma_giangvien` varchar(10) NOT NULL,
  `ma_lop` varchar(20) NOT NULL,
  `ma_mon` varchar(20) NOT NULL,
  PRIMARY KEY (`id`),
  UNIQUE KEY `unique_gv_lop_mon` (`ma_giangvien`,`ma_lop`,`ma_mon`),
  KEY `fk_glmh_lop` (`ma_lop`),
  KEY `fk_glmh_mon` (`ma_mon`),
  CONSTRAINT `fk_glmh_gv` FOREIGN KEY (`ma_giangvien`) REFERENCES `GiangVien` (`ma_giangvien`) ON DELETE CASCADE ON UPDATE CASCADE,
  CONSTRAINT `fk_glmh_lop` FOREIGN KEY (`ma_lop`) REFERENCES `LopHoc` (`ma_lop`) ON DELETE CASCADE ON UPDATE CASCADE,
  CONSTRAINT `fk_glmh_mon` FOREIGN KEY (`ma_mon`) REFERENCES `MonHoc` (`ma_mon`) ON DELETE CASCADE ON UPDATE CASCADE
) ENGINE=InnoDB AUTO_INCREMENT=15 DEFAULT CHARSET=utf8mb4 COLLATE=utf8mb4_0900_ai_ci;
/*!40101 SET character_set_client = @saved_cs_client */;

--
-- Dumping data for table `GiangVien_Lop_MonHoc`
--

LOCK TABLES `GiangVien_Lop_MonHoc` WRITE;
/*!40000 ALTER TABLE `GiangVien_Lop_MonHoc` DISABLE KEYS */;
INSERT INTO `GiangVien_Lop_MonHoc` VALUES (1,'GV001','D21VTMD1','TEL1447'),(2,'GV001','D21VTMD2','TEL1447'),(3,'GV002','D21VTMD1','TEL1448'),(5,'GV003','D21VTMD1','TEL1450'),(4,'GV003','D21VTMD2','TEL1448'),(6,'GV004','D21VTMD2','TEL1450'),(7,'GV005','D21VTMD1','TEL1455'),(8,'GV005','D21VTMD2','TEL1455'),(9,'GV006','D21VTMD1','TEL1456'),(11,'GV007','D21VTMD1','TEL1458'),(10,'GV007','D21VTMD2','TEL1456'),(12,'GV008','D21VTMD2','TEL1458'),(13,'GV009','D21VTMD1','TEL1459'),(14,'GV010','D21VTMD2','TEL1459');
/*!40000 ALTER TABLE `GiangVien_Lop_MonHoc` ENABLE KEYS */;
UNLOCK TABLES;

--
-- Table structure for table `KyHoc`
--

DROP TABLE IF EXISTS `KyHoc`;
/*!40101 SET @saved_cs_client     = @@character_set_client */;
/*!50503 SET character_set_client = utf8mb4 */;
CREATE TABLE `KyHoc` (
  `kyhoc_id` int NOT NULL AUTO_INCREMENT,
  `ten_kyhoc` varchar(100) NOT NULL,
  `ma_mon` varchar(20) NOT NULL,
  PRIMARY KEY (`kyhoc_id`),
  KEY `fk_kyhoc_monhoc` (`ma_mon`),
  CONSTRAINT `fk_kyhoc_monhoc` FOREIGN KEY (`ma_mon`) REFERENCES `MonHoc` (`ma_mon`) ON DELETE RESTRICT ON UPDATE CASCADE
) ENGINE=InnoDB AUTO_INCREMENT=25 DEFAULT CHARSET=utf8mb4 COLLATE=utf8mb4_0900_ai_ci;
/*!40101 SET character_set_client = @saved_cs_client */;

--
-- Dumping data for table `KyHoc`
--

LOCK TABLES `KyHoc` WRITE;
/*!40000 ALTER TABLE `KyHoc` DISABLE KEYS */;
INSERT INTO `KyHoc` VALUES (1,'Học kỳ 1','BAS1153'),(2,'Học kỳ 1','BAS1160'),(3,'Học kỳ 1','ELE1317'),(4,'Học kỳ 1','SKD1101'),(5,'Học kỳ 1','TEL1337'),(6,'Học kỳ 1','TEL1338'),(7,'Học kỳ 1','TEL1339'),(8,'Học kỳ 2','TEL1340'),(9,'Học kỳ 2','TEL1342'),(10,'Học kỳ 2','TEL1393'),(11,'Học kỳ 2','TEL1405'),(12,'Học kỳ 2','TEL1406'),(13,'Học kỳ 2','TEL1407'),(14,'Học kỳ 2','TEL1412'),(15,'Học kỳ 2','TEL1421'),(16,'Học kỳ 3','TEL1447'),(17,'Học kỳ 3','TEL1448'),(18,'Học kỳ 3','TEL1450'),(19,'Học kỳ 3','TEL1455'),(20,'Học kỳ 3','TEL1456'),(21,'Học kỳ 3','TEL1458'),(22,'Học kỳ 3','TEL1459'),(23,'Học kỳ 3','TEL1492'),(24,'Học kỳ 2','TEL1340');
/*!40000 ALTER TABLE `KyHoc` ENABLE KEYS */;
UNLOCK TABLES;

--
-- Table structure for table `LopHoc`
--

DROP TABLE IF EXISTS `LopHoc`;
/*!40101 SET @saved_cs_client     = @@character_set_client */;
/*!50503 SET character_set_client = utf8mb4 */;
CREATE TABLE `LopHoc` (
  `ma_lop` varchar(20) NOT NULL,
  `so_luong_sinh_vien` int NOT NULL DEFAULT '0',
  PRIMARY KEY (`ma_lop`)
) ENGINE=InnoDB DEFAULT CHARSET=utf8mb4 COLLATE=utf8mb4_0900_ai_ci;
/*!40101 SET character_set_client = @saved_cs_client */;

--
-- Dumping data for table `LopHoc`
--

LOCK TABLES `LopHoc` WRITE;
/*!40000 ALTER TABLE `LopHoc` DISABLE KEYS */;
INSERT INTO `LopHoc` VALUES ('D21VTMD1',55),('D21VTMD2',51);
/*!40000 ALTER TABLE `LopHoc` ENABLE KEYS */;
UNLOCK TABLES;

--
-- Table structure for table `LopHoc_MonHoc`
--

DROP TABLE IF EXISTS `LopHoc_MonHoc`;
/*!40101 SET @saved_cs_client     = @@character_set_client */;
/*!50503 SET character_set_client = utf8mb4 */;
CREATE TABLE `LopHoc_MonHoc` (
  `ma_lop` varchar(20) NOT NULL,
  `ma_mon` varchar(20) NOT NULL,
  PRIMARY KEY (`ma_lop`,`ma_mon`),
  KEY `fk_lhmh_mon` (`ma_mon`),
  CONSTRAINT `fk_lhmh_lop` FOREIGN KEY (`ma_lop`) REFERENCES `LopHoc` (`ma_lop`) ON DELETE CASCADE ON UPDATE CASCADE,
  CONSTRAINT `fk_lhmh_mon` FOREIGN KEY (`ma_mon`) REFERENCES `MonHoc` (`ma_mon`) ON DELETE CASCADE ON UPDATE CASCADE
) ENGINE=InnoDB DEFAULT CHARSET=utf8mb4 COLLATE=utf8mb4_0900_ai_ci;
/*!40101 SET character_set_client = @saved_cs_client */;

--
-- Dumping data for table `LopHoc_MonHoc`
--

LOCK TABLES `LopHoc_MonHoc` WRITE;
/*!40000 ALTER TABLE `LopHoc_MonHoc` DISABLE KEYS */;
INSERT INTO `LopHoc_MonHoc` VALUES ('D21VTMD1','TEL1447'),('D21VTMD2','TEL1447'),('D21VTMD1','TEL1448'),('D21VTMD2','TEL1448'),('D21VTMD1','TEL1450'),('D21VTMD2','TEL1450'),('D21VTMD1','TEL1455'),('D21VTMD2','TEL1455'),('D21VTMD1','TEL1456'),('D21VTMD2','TEL1456'),('D21VTMD1','TEL1458'),('D21VTMD2','TEL1458'),('D21VTMD1','TEL1459'),('D21VTMD2','TEL1459');
/*!40000 ALTER TABLE `LopHoc_MonHoc` ENABLE KEYS */;
UNLOCK TABLES;

--
-- Table structure for table `MonHoc`
--

DROP TABLE IF EXISTS `MonHoc`;
/*!40101 SET @saved_cs_client     = @@character_set_client */;
/*!50503 SET character_set_client = utf8mb4 */;
CREATE TABLE `MonHoc` (
  `ma_mon` varchar(20) NOT NULL,
  `ten_mon` varchar(100) NOT NULL,
  `so_tin_chi` tinyint NOT NULL,
  PRIMARY KEY (`ma_mon`)
) ENGINE=InnoDB DEFAULT CHARSET=utf8mb4 COLLATE=utf8mb4_0900_ai_ci;
/*!40101 SET character_set_client = @saved_cs_client */;

--
-- Dumping data for table `MonHoc`
--

LOCK TABLES `MonHoc` WRITE;
/*!40000 ALTER TABLE `MonHoc` DISABLE KEYS */;
INSERT INTO `MonHoc` VALUES ('BAS1153','Lịch sử Đảng cộng sản Việt Nam',2),('BAS1160','Tiếng Anh (Course 3 Plus)',2),('ELE1317','Kỹ thuật vi xử lý',3),('SKD1101','Kỹ năng thuyết trình',1),('TEL1337','Toán rời rạc',3),('TEL1338','Kiến trúc máy tính',2),('TEL1339','Hệ điều hành',2),('TEL1340','Kỹ thuật lập trình',3),('TEL1342','Cấu trúc dữ liệu và giải thuật',3),('TEL1393','Công nghệ phần mềm',2),('TEL1405','Kỹ thuật mạng truyền thông',3),('TEL1406','Kỹ thuật thông tin quang',3),('TEL1407','Kỹ thuật thông tin vô tuyến',3),('TEL1412','Mô phỏng hệ thống truyền thông',2),('TEL1421','Truyền sóng và anten',3),('TEL1447','Điện toán đám mây',2),('TEL1448','Lập trình hướng đối tượng',3),('TEL1450','SDN & NFV',2),('TEL1455','Quản trị mạng',2),('TEL1456','Mạng truyền thông vô tuyến',3),('TEL1458','Mạng cảm biến không dây',3),('TEL1459','Thiết kế và hiệu năng mạng',3),('TEL1492','Thực tập cơ sở',2),('TEL908','Nhập môn AI',3);
/*!40000 ALTER TABLE `MonHoc` ENABLE KEYS */;
UNLOCK TABLES;

--
-- Table structure for table `NhapDiem`
--

DROP TABLE IF EXISTS `NhapDiem`;
/*!40101 SET @saved_cs_client     = @@character_set_client */;
/*!50503 SET character_set_client = utf8mb4 */;
CREATE TABLE `NhapDiem` (
  `nhapdiem_id` int NOT NULL AUTO_INCREMENT,
  `gv_lop_mon_id` int NOT NULL,
  `thoi_gian_bat_dau_nhap` datetime NOT NULL,
  `thoi_gian_ket_thuc_nhap` datetime NOT NULL,
  PRIMARY KEY (`nhapdiem_id`),
  KEY `fk_nd_gv_lop_mon` (`gv_lop_mon_id`),
  CONSTRAINT `fk_nd_gv_lop_mon` FOREIGN KEY (`gv_lop_mon_id`) REFERENCES `GiangVien_Lop_MonHoc` (`id`) ON DELETE CASCADE ON UPDATE CASCADE
) ENGINE=InnoDB AUTO_INCREMENT=3 DEFAULT CHARSET=utf8mb4 COLLATE=utf8mb4_0900_ai_ci;
/*!40101 SET character_set_client = @saved_cs_client */;

--
-- Dumping data for table `NhapDiem`
--

LOCK TABLES `NhapDiem` WRITE;
/*!40000 ALTER TABLE `NhapDiem` DISABLE KEYS */;
INSERT INTO `NhapDiem` VALUES (1,1,'2025-05-05 02:27:00','2025-05-06 02:27:00'),(2,1,'2025-05-05 02:41:00','2025-05-06 02:41:00');
/*!40000 ALTER TABLE `NhapDiem` ENABLE KEYS */;
UNLOCK TABLES;

--
-- Table structure for table `ProjectRegistrationPeriod`
--

DROP TABLE IF EXISTS `ProjectRegistrationPeriod`;
/*!40101 SET @saved_cs_client     = @@character_set_client */;
/*!50503 SET character_set_client = utf8mb4 */;
CREATE TABLE `ProjectRegistrationPeriod` (
  `id` int NOT NULL AUTO_INCREMENT,
  `start_time` datetime NOT NULL,
  `end_time` datetime NOT NULL,
  `is_active` tinyint(1) DEFAULT '0',
  `description` varchar(255) DEFAULT NULL,
  PRIMARY KEY (`id`)
) ENGINE=InnoDB AUTO_INCREMENT=2 DEFAULT CHARSET=utf8mb4 COLLATE=utf8mb4_0900_ai_ci;
/*!40101 SET character_set_client = @saved_cs_client */;

--
-- Dumping data for table `ProjectRegistrationPeriod`
--

LOCK TABLES `ProjectRegistrationPeriod` WRITE;
/*!40000 ALTER TABLE `ProjectRegistrationPeriod` DISABLE KEYS */;
INSERT INTO `ProjectRegistrationPeriod` VALUES (1,'2025-05-04 23:23:07','2025-05-05 23:23:07',0,'Đợt đăng ký đồ án học kỳ hiện tại');
/*!40000 ALTER TABLE `ProjectRegistrationPeriod` ENABLE KEYS */;
UNLOCK TABLES;

--
-- Table structure for table `RetakeRegistrationPeriod`
--

DROP TABLE IF EXISTS `RetakeRegistrationPeriod`;
/*!40101 SET @saved_cs_client     = @@character_set_client */;
/*!50503 SET character_set_client = utf8mb4 */;
CREATE TABLE `RetakeRegistrationPeriod` (
  `id` int NOT NULL AUTO_INCREMENT,
  `start_time` datetime NOT NULL,
  `end_time` datetime NOT NULL,
  `is_active` tinyint(1) DEFAULT '0',
  `description` varchar(255) DEFAULT NULL,
  PRIMARY KEY (`id`)
) ENGINE=InnoDB AUTO_INCREMENT=4 DEFAULT CHARSET=utf8mb4 COLLATE=utf8mb4_0900_ai_ci;
/*!40101 SET character_set_client = @saved_cs_client */;

--
-- Dumping data for table `RetakeRegistrationPeriod`
--

LOCK TABLES `RetakeRegistrationPeriod` WRITE;
/*!40000 ALTER TABLE `RetakeRegistrationPeriod` DISABLE KEYS */;
INSERT INTO `RetakeRegistrationPeriod` VALUES (1,'2025-05-05 00:21:00','2025-05-05 00:21:00',0,'Đăng ký học lại học kỳ II năm học 2025-2026'),(2,'2025-05-05 00:23:00','2025-05-06 00:23:00',0,'Đăng ký học lại học kỳ II năm học 2025-2026'),(3,'2025-05-05 00:30:00','2025-05-12 00:30:00',1,'Đăng ký học lại học kỳ II năm học 2025-2026');
/*!40000 ALTER TABLE `RetakeRegistrationPeriod` ENABLE KEYS */;
UNLOCK TABLES;

--
-- Table structure for table `RetakeRequest`
--

DROP TABLE IF EXISTS `RetakeRequest`;
/*!40101 SET @saved_cs_client     = @@character_set_client */;
/*!50503 SET character_set_client = utf8mb4 */;
CREATE TABLE `RetakeRequest` (
  `request_id` int NOT NULL AUTO_INCREMENT,
  `msv` varchar(20) NOT NULL,
  `ma_lop` varchar(20) NOT NULL,
  `ngay_dang_ki` date NOT NULL,
  `status` enum('mới','duyệt','từ chối','chấp nhận') NOT NULL DEFAULT 'mới',
  PRIMARY KEY (`request_id`),
  KEY `fk_re_sv` (`msv`),
  KEY `fk_re_lh` (`ma_lop`),
  CONSTRAINT `fk_re_lh` FOREIGN KEY (`ma_lop`) REFERENCES `LopHoc` (`ma_lop`) ON DELETE CASCADE ON UPDATE CASCADE,
  CONSTRAINT `fk_re_sv` FOREIGN KEY (`msv`) REFERENCES `SinhVien` (`msv`) ON DELETE CASCADE ON UPDATE CASCADE
) ENGINE=InnoDB AUTO_INCREMENT=10 DEFAULT CHARSET=utf8mb4 COLLATE=utf8mb4_0900_ai_ci;
/*!40101 SET character_set_client = @saved_cs_client */;

--
-- Dumping data for table `RetakeRequest`
--

LOCK TABLES `RetakeRequest` WRITE;
/*!40000 ALTER TABLE `RetakeRequest` DISABLE KEYS */;
INSERT INTO `RetakeRequest` VALUES (7,'B21DCVT061','D21VTMD1','2025-05-05','chấp nhận');
/*!40000 ALTER TABLE `RetakeRequest` ENABLE KEYS */;
UNLOCK TABLES;

--
-- Table structure for table `SinhVien`
--

DROP TABLE IF EXISTS `SinhVien`;
/*!40101 SET @saved_cs_client     = @@character_set_client */;
/*!50503 SET character_set_client = utf8mb4 */;
CREATE TABLE `SinhVien` (
  `STT` int NOT NULL AUTO_INCREMENT,
  `msv` varchar(20) NOT NULL,
  `ho_ten` varchar(100) NOT NULL,
  `ngay_sinh` date NOT NULL,
  `email` varchar(100) NOT NULL,
  `so_dien_thoai` varchar(20) DEFAULT NULL,
  `ma_lop` varchar(20) NOT NULL,
  PRIMARY KEY (`msv`),
  UNIQUE KEY `email` (`email`),
  UNIQUE KEY `STT` (`STT`),
  KEY `fk_sv_lop` (`ma_lop`),
  CONSTRAINT `fk_sv_lop` FOREIGN KEY (`ma_lop`) REFERENCES `LopHoc` (`ma_lop`) ON DELETE RESTRICT ON UPDATE CASCADE
) ENGINE=InnoDB AUTO_INCREMENT=107 DEFAULT CHARSET=utf8mb4 COLLATE=utf8mb4_0900_ai_ci;
/*!40101 SET character_set_client = @saved_cs_client */;

--
-- Dumping data for table `SinhVien`
--

LOCK TABLES `SinhVien` WRITE;
/*!40000 ALTER TABLE `SinhVien` DISABLE KEYS */;
INSERT INTO `SinhVien` VALUES (79,'B19DCVT192','Hoàng Trung Kiên','2001-03-18','hk.b19dcvt192@stu.ptit.edu.vn','0873763116','D21VTMD1'),(59,'B21DCVT009','Hà Văn Cường','2003-07-28','hc.b21dcvt009@stu.ptit.edu.vn','0803413164','D21VTMD1'),(33,'B21DCVT035','Nguyễn Hoàng Nam','2003-01-25','nn.b21dcvt035@stu.ptit.edu.vn','0806112648','D21VTMD2'),(93,'B21DCVT041','Phạm Sỹ Quý','2003-02-14','pq.b21dcvt041@stu.ptit.edu.vn','0884251354','D21VTMD1'),(52,'B21DCVT049','Đỗ Ngọc An','2003-09-29','đa.b21dcvt049@stu.ptit.edu.vn','0810433218','D21VTMD1'),(4,'B21DCVT053','Phạm Hồng Ân','2003-11-15','pâ.b21dcvt053@stu.ptit.edu.vn','0838930555','D21VTMD2'),(1,'B21DCVT061','Nguyễn Hoàng Anh','2003-10-24','na.b21dcvt061@stu.ptit.edu.vn','0830392137','D21VTMD2'),(53,'B21DCVT065','Nguyễn Tuấn Anh','2003-12-18','na.b21dcvt065@stu.ptit.edu.vn','0819600133','D21VTMD1'),(54,'B21DCVT066','Nguyễn Tuấn Anh','2003-01-22','na.b21dcvt066@stu.ptit.edu.vn','0889083863','D21VTMD1'),(2,'B21DCVT067','Nguyễn Việt Anh','2003-02-24','na.b21dcvt067@stu.ptit.edu.vn','0865821972','D21VTMD2'),(3,'B21DCVT069','Phạm Việt Anh','2003-07-24','pa.b21dcvt069@stu.ptit.edu.vn','0896687577','D21VTMD2'),(55,'B21DCVT073','Chu Xuân Bách','2003-10-21','cb.b21dcvt073@stu.ptit.edu.vn','0879402654','D21VTMD1'),(56,'B21DCVT074','Nguyễn Trần Bách','2003-12-12','nb.b21dcvt074@stu.ptit.edu.vn','0823511615','D21VTMD1'),(5,'B21DCVT083','Nguyễn Minh Chiến','2003-12-12','nc.b21dcvt083@stu.ptit.edu.vn','0808249269','D21VTMD2'),(6,'B21DCVT085','Nguyễn Đức Chính','2003-12-12','nc.b21dcvt085@stu.ptit.edu.vn','0847118013','D21VTMD2'),(57,'B21DCVT086','Nguyễn Mậu Chiến','2003-12-28','nc.b21dcvt086@stu.ptit.edu.vn','0859407816','D21VTMD1'),(58,'B21DCVT089','Nguyễn Thành Công','2003-12-27','nc.b21dcvt089@stu.ptit.edu.vn','0818495931','D21VTMD1'),(60,'B21DCVT090','Nguyễn Phúc Cường','2003-08-09','nc.b21dcvt090@stu.ptit.edu.vn','0875255341','D21VTMD1'),(7,'B21DCVT091','Nguyễn Thị Cúc','2003-03-26','nc.b21dcvt091@stu.ptit.edu.vn','0820407522','D21VTMD2'),(61,'B21DCVT098','Nguyễn Tiến Cường','2003-11-02','nc.b21dcvt098@stu.ptit.edu.vn','0892832764','D21VTMD1'),(8,'B21DCVT099','Nguyễn Viết Cường','2003-11-08','nc.b21dcvt099@stu.ptit.edu.vn','0875868809','D21VTMD2'),(9,'B21DCVT100','Phạm Đình Cường','2003-09-17','pc.b21dcvt100@stu.ptit.edu.vn','0818916348','D21VTMD2'),(10,'B21DCVT101','Phạm Mạnh Cường','2003-04-22','pc.b21dcvt101@stu.ptit.edu.vn','0896769930','D21VTMD2'),(14,'B21DCVT107','Đàm Tiến Đạt','2003-03-15','đđ.b21dcvt107@stu.ptit.edu.vn','0827912560','D21VTMD2'),(15,'B21DCVT109','Đỗ Đức Đạt','2003-08-30','đđ.b21dcvt109@stu.ptit.edu.vn','0897670172','D21VTMD2'),(66,'B21DCVT114','Lê Huy Đạt','2003-07-08','lđ.b21dcvt114@stu.ptit.edu.vn','0871012269','D21VTMD1'),(16,'B21DCVT115','Lê Thành Đạt','2003-10-15','lđ.b21dcvt115@stu.ptit.edu.vn','0800992518','D21VTMD2'),(67,'B21DCVT121','Nguyễn Tiến Đạt','2003-12-13','nđ.b21dcvt121@stu.ptit.edu.vn','0816697848','D21VTMD1'),(68,'B21DCVT122','Nguyễn Tiến Đạt','2003-11-17','nđ.b21dcvt122@stu.ptit.edu.vn','0801845146','D21VTMD1'),(17,'B21DCVT125','Đoàn Văn Điệp','2003-06-21','đđ.b21dcvt125@stu.ptit.edu.vn','0853671097','D21VTMD2'),(69,'B21DCVT130','Đào Minh Đức','2003-01-07','đđ.b21dcvt130@stu.ptit.edu.vn','0827048281','D21VTMD1'),(18,'B21DCVT131','Đoàn Trung Đức','2003-07-11','đđ.b21dcvt131@stu.ptit.edu.vn','0895194264','D21VTMD2'),(19,'B21DCVT133','Ngô Minh Đức','2003-05-29','nđ.b21dcvt133@stu.ptit.edu.vn','0818306753','D21VTMD2'),(62,'B21DCVT145','Nguyễn Trí Dũng','2003-01-24','nd.b21dcvt145@stu.ptit.edu.vn','0883503056','D21VTMD1'),(63,'B21DCVT146','Nguyễn Văn Dũng','2003-01-20','nd.b21dcvt146@stu.ptit.edu.vn','0841395376','D21VTMD1'),(11,'B21DCVT148','Trần Mạnh Dũng','2003-10-15','td.b21dcvt148@stu.ptit.edu.vn','0802489451','D21VTMD2'),(65,'B21DCVT154','Nguyễn Quang Dương','2003-08-30','nd.b21dcvt154@stu.ptit.edu.vn','0896965328','D21VTMD1'),(12,'B21DCVT163','Nguyễn Nhất Duy','2003-08-26','nd.b21dcvt163@stu.ptit.edu.vn','0874466602','D21VTMD2'),(13,'B21DCVT165','Vũ Công Duy','2003-12-22','vd.b21dcvt165@stu.ptit.edu.vn','0823450076','D21VTMD2'),(70,'B21DCVT170','Trương Trường Giang','2003-11-20','tg.b21dcvt170@stu.ptit.edu.vn','0848932528','D21VTMD1'),(20,'B21DCVT171','Lê Văn Giáo','2003-05-29','lg.b21dcvt171@stu.ptit.edu.vn','0875100740','D21VTMD2'),(21,'B21DCVT179','Đào Tiến Hân','2003-09-04','đh.b21dcvt179@stu.ptit.edu.vn','0889933188','D21VTMD2'),(71,'B21DCVT186','Trần Duy Hiệp','2003-04-21','th.b21dcvt186@stu.ptit.edu.vn','0880957015','D21VTMD1'),(22,'B21DCVT189','Đinh Văn Hiếu','2003-04-08','đh.b21dcvt189@stu.ptit.edu.vn','0868412696','D21VTMD2'),(72,'B21DCVT202','Bùi Tiến Hoàng','2003-11-18','bh.b21dcvt202@stu.ptit.edu.vn','0843039117','D21VTMD1'),(73,'B21DCVT209','Trần Huy Hoàng','2003-01-25','th.b21dcvt209@stu.ptit.edu.vn','0818227824','D21VTMD1'),(74,'B21DCVT210','Trần Minh Hoàng','2003-07-12','th.b21dcvt210@stu.ptit.edu.vn','0889638346','D21VTMD1'),(23,'B21DCVT211','Vũ Nguyên Hoàng','2003-09-10','vh.b21dcvt211@stu.ptit.edu.vn','0811611620','D21VTMD2'),(24,'B21DCVT212','Nguyễn Quang Học','2003-08-24','nh.b21dcvt212@stu.ptit.edu.vn','0876607541','D21VTMD2'),(75,'B21DCVT226','Lê Quang Huy','2003-03-31','lh.b21dcvt226@stu.ptit.edu.vn','0857871331','D21VTMD1'),(25,'B21DCVT227','Lương Xuân Huy','2003-10-16','lh.b21dcvt227@stu.ptit.edu.vn','0851150552','D21VTMD2'),(26,'B21DCVT243','Nguyễn Hữu Hồng Khải','2003-08-11','nk.b21dcvt243@stu.ptit.edu.vn','0803519230','D21VTMD2'),(76,'B21DCVT249','Phí Đức Khánh','2003-02-20','pk.b21dcvt249@stu.ptit.edu.vn','0850983930','D21VTMD1'),(77,'B21DCVT250','Trần Nam Khánh','2003-12-13','tk.b21dcvt250@stu.ptit.edu.vn','0810310518','D21VTMD1'),(27,'B21DCVT251','Vũ Văn Khánh','2003-05-04','vk.b21dcvt251@stu.ptit.edu.vn','0831045093','D21VTMD2'),(78,'B21DCVT257','Dương Trung Kiên','2003-01-27','dk.b21dcvt257@stu.ptit.edu.vn','0834738299','D21VTMD1'),(28,'B21DCVT259','Nguyễn Trung Kiên','2003-12-10','nk.b21dcvt259@stu.ptit.edu.vn','0822717542','D21VTMD2'),(80,'B21DCVT265','Bùi Tùng Lâm','2003-09-23','bl.b21dcvt265@stu.ptit.edu.vn','0856670106','D21VTMD1'),(81,'B21DCVT266','Nguyễn Hoàng Lâm','2003-10-09','nl.b21dcvt266@stu.ptit.edu.vn','0851333872','D21VTMD1'),(29,'B21DCVT268','Đặng Ngọc Lân','2003-07-25','đl.b21dcvt268@stu.ptit.edu.vn','0803557448','D21VTMD2'),(30,'B21DCVT276','Trần Võ Hoàng Long','2002-11-16','tl.b21dcvt276@stu.ptit.edu.vn','0852911894','D21VTMD2'),(31,'B21DCVT283','Hoàng Đức Mạnh','2003-12-04','hm.b21dcvt283@stu.ptit.edu.vn','0826223583','D21VTMD2'),(32,'B21DCVT307','Khuất Tiến Nam','2003-07-05','kn.b21dcvt307@stu.ptit.edu.vn','0832456029','D21VTMD2'),(82,'B21DCVT312','Lê Bá Khánh Minh','2003-02-06','lm.b21dcvt312@stu.ptit.edu.vn','0862473178','D21VTMD1'),(83,'B21DCVT313','Nguyễn Thành Nam','2003-07-19','nn.b21dcvt313@stu.ptit.edu.vn','0810801326','D21VTMD1'),(84,'B21DCVT314','Nguyễn Văn Nam','2003-06-20','nn.b21dcvt314@stu.ptit.edu.vn','0877360260','D21VTMD1'),(85,'B21DCVT322','Hoàng Hiếu Nghĩa','2003-07-05','hn.b21dcvt322@stu.ptit.edu.vn','0864746872','D21VTMD1'),(34,'B21DCVT323','Ngô Trung Nghĩa','2003-07-23','nn.b21dcvt323@stu.ptit.edu.vn','0862964513','D21VTMD2'),(35,'B21DCVT324','Ngô Trung Nghĩa','2003-08-21','nn.b21dcvt324@stu.ptit.edu.vn','0875806606','D21VTMD2'),(36,'B21DCVT331','Dương Nguyên Nguyên','2003-09-29','dn.b21dcvt331@stu.ptit.edu.vn','0857354712','D21VTMD2'),(86,'B21DCVT337','Nguyễn Văn Hải Ninh','2003-01-07','nn.b21dcvt337@stu.ptit.edu.vn','0834309805','D21VTMD1'),(37,'B21DCVT339','Hoàng Trần Phong','2003-04-11','hp.b21dcvt339@stu.ptit.edu.vn','0814189276','D21VTMD2'),(87,'B21DCVT345','Vũ Hòa Phong','2003-08-17','vp.b21dcvt345@stu.ptit.edu.vn','0800978820','D21VTMD1'),(88,'B21DCVT346','Nguyễn Hồng Phúc','2003-01-05','np.b21dcvt346@stu.ptit.edu.vn','0881219136','D21VTMD1'),(90,'B21DCVT354','Dương Văn Quân','2003-09-16','dq.b21dcvt354@stu.ptit.edu.vn','0869985435','D21VTMD1'),(91,'B21DCVT361','Vũ Minh Quân','2003-06-12','vq.b21dcvt361@stu.ptit.edu.vn','0834624751','D21VTMD1'),(89,'B21DCVT362','Hà Minh Quang','2003-02-04','hq.b21dcvt362@stu.ptit.edu.vn','0819399091','D21VTMD1'),(92,'B21DCVT369','Lê Ngọc Quý','2003-06-14','lq.b21dcvt369@stu.ptit.edu.vn','0807991183','D21VTMD1'),(94,'B21DCVT370','Nguyễn Thị Thu Quyên','2003-09-27','nq.b21dcvt370@stu.ptit.edu.vn','0827849808','D21VTMD1'),(38,'B21DCVT378','Vũ Văn Sĩ','2003-07-01','vs.b21dcvt378@stu.ptit.edu.vn','0826623758','D21VTMD2'),(39,'B21DCVT379','Bùi Xuân Sơn','2003-02-07','bs.b21dcvt379@stu.ptit.edu.vn','0825717340','D21VTMD2'),(40,'B21DCVT380','Hoàng Tiến Sơn','2003-12-31','hs.b21dcvt380@stu.ptit.edu.vn','0879703414','D21VTMD2'),(41,'B21DCVT387','Bùi Quyết Thắng','2003-10-01','bt.b21dcvt387@stu.ptit.edu.vn','0889267173','D21VTMD2'),(97,'B21DCVT393','Phạm Võ Anh Thắng','2003-09-23','pt.b21dcvt393@stu.ptit.edu.vn','0874016400','D21VTMD1'),(42,'B21DCVT394','Sái Văn Thắng','2003-02-06','st.b21dcvt394@stu.ptit.edu.vn','0886401400','D21VTMD2'),(43,'B21DCVT395','Trần Đức Thắng','2003-03-01','tt.b21dcvt395@stu.ptit.edu.vn','0846896714','D21VTMD2'),(95,'B21DCVT401','Lê Xuân Thành','2003-12-08','lt.b21dcvt401@stu.ptit.edu.vn','0841241182','D21VTMD1'),(96,'B21DCVT409','Nguyễn Phương Thảo','2003-05-07','nt.b21dcvt409@stu.ptit.edu.vn','0844935348','D21VTMD1'),(44,'B21DCVT410','Nguyễn Quang Thế','2003-10-06','nt.b21dcvt410@stu.ptit.edu.vn','0854391014','D21VTMD2'),(45,'B21DCVT411','Vương Quốc Thiện','2003-02-09','vt.b21dcvt411@stu.ptit.edu.vn','0848518321','D21VTMD2'),(98,'B21DCVT417','Phan Bá Thục','2003-10-10','pt.b21dcvt417@stu.ptit.edu.vn','0852427868','D21VTMD1'),(99,'B21DCVT425','Nguyễn Văn Trọng','2003-08-08','nt.b21dcvt425@stu.ptit.edu.vn','0801128059','D21VTMD1'),(100,'B21DCVT433','Kiều Anh Trường','2003-02-18','kt.b21dcvt433@stu.ptit.edu.vn','0882620450','D21VTMD1'),(46,'B21DCVT434','Lê Văn Trường','2003-10-04','lt.b21dcvt434@stu.ptit.edu.vn','0864482983','D21VTMD2'),(47,'B21DCVT436','Nguyễn Nam Trường','2003-02-28','nt.b21dcvt436@stu.ptit.edu.vn','0881686447','D21VTMD2'),(101,'B21DCVT441','Lê Thanh Tú','2003-10-06','lt.b21dcvt441@stu.ptit.edu.vn','0853315869','D21VTMD1'),(103,'B21DCVT449','Trần Duy Tuấn','2003-11-08','tt.b21dcvt449@stu.ptit.edu.vn','0863421607','D21VTMD1'),(48,'B21DCVT451','Đỗ Mạnh Tùng','2003-04-14','đt.b21dcvt451@stu.ptit.edu.vn','0859221166','D21VTMD2'),(49,'B21DCVT459','Đỗ Quốc Việt','2003-06-20','đv.b21dcvt459@stu.ptit.edu.vn','0897284576','D21VTMD2'),(50,'B21DCVT460','Hoàng Quốc Việt','2003-10-16','hv.b21dcvt460@stu.ptit.edu.vn','0837785707','D21VTMD2'),(104,'B21DCVT464','Nguyễn Đức Văn','2003-12-13','nv.b21dcvt464@stu.ptit.edu.vn','0833754330','D21VTMD1'),(105,'B21DCVT465','Nguyễn Thế Vinh','2003-03-17','nv.b21dcvt465@stu.ptit.edu.vn','0836541458','D21VTMD1'),(51,'B21DCVT468','Trần Long Vũ','2003-12-14','tv.b21dcvt468@stu.ptit.edu.vn','0842709305','D21VTMD2'),(102,'B21DCVT473','Lương Anh Tú','2003-03-13','lt.b21dcvt473@stu.ptit.edu.vn','0823226025','D21VTMD1'),(106,'B21DCVT690','Hoàng Giang Danh','2003-01-01','danh.vt@stu.ptit.edu.vn','023492934','D21VTMD1'),(64,'N21DCVT017B','Nguyễn Khánh Duy','2003-02-24','nd.n21dcvt017b@stu.ptit.edu.vn','0872423884','D21VTMD1');
/*!40000 ALTER TABLE `SinhVien` ENABLE KEYS */;
UNLOCK TABLES;
/*!50003 SET @saved_cs_client      = @@character_set_client */ ;
/*!50003 SET @saved_cs_results     = @@character_set_results */ ;
/*!50003 SET @saved_col_connection = @@collation_connection */ ;
/*!50003 SET character_set_client  = utf8mb4 */ ;
/*!50003 SET character_set_results = utf8mb4 */ ;
/*!50003 SET collation_connection  = utf8mb4_0900_ai_ci */ ;
/*!50003 SET @saved_sql_mode       = @@sql_mode */ ;
/*!50003 SET sql_mode              = 'ONLY_FULL_GROUP_BY,STRICT_TRANS_TABLES,NO_ZERO_IN_DATE,NO_ZERO_DATE,ERROR_FOR_DIVISION_BY_ZERO,NO_ENGINE_SUBSTITUTION' */ ;
DELIMITER ;;
/*!50003 CREATE*/ /*!50017 DEFINER=`root`@`%`*/ /*!50003 TRIGGER `trg_sinhvien_after_insert` AFTER INSERT ON `SinhVien` FOR EACH ROW BEGIN
  UPDATE LopHoc
  SET so_luong_sinh_vien = (
    SELECT COUNT(*)
    FROM SinhVien
    WHERE ma_lop = NEW.ma_lop
  )
  WHERE ma_lop = NEW.ma_lop;
END */;;
DELIMITER ;
/*!50003 SET sql_mode              = @saved_sql_mode */ ;
/*!50003 SET character_set_client  = @saved_cs_client */ ;
/*!50003 SET character_set_results = @saved_cs_results */ ;
/*!50003 SET collation_connection  = @saved_col_connection */ ;
/*!50003 SET @saved_cs_client      = @@character_set_client */ ;
/*!50003 SET @saved_cs_results     = @@character_set_results */ ;
/*!50003 SET @saved_col_connection = @@collation_connection */ ;
/*!50003 SET character_set_client  = utf8mb4 */ ;
/*!50003 SET character_set_results = utf8mb4 */ ;
/*!50003 SET collation_connection  = utf8mb4_0900_ai_ci */ ;
/*!50003 SET @saved_sql_mode       = @@sql_mode */ ;
/*!50003 SET sql_mode              = 'ONLY_FULL_GROUP_BY,STRICT_TRANS_TABLES,NO_ZERO_IN_DATE,NO_ZERO_DATE,ERROR_FOR_DIVISION_BY_ZERO,NO_ENGINE_SUBSTITUTION' */ ;
DELIMITER ;;
/*!50003 CREATE*/ /*!50017 DEFINER=`root`@`%`*/ /*!50003 TRIGGER `trg_sinhvien_after_update` AFTER UPDATE ON `SinhVien` FOR EACH ROW BEGIN
  IF OLD.ma_lop <> NEW.ma_lop THEN
    -- Giảm ở lớp cũ
    UPDATE LopHoc
    SET so_luong_sinh_vien = (
      SELECT COUNT(*)
      FROM SinhVien
      WHERE ma_lop = OLD.ma_lop
    )
    WHERE ma_lop = OLD.ma_lop;
    -- Tăng ở lớp mới
    UPDATE LopHoc
    SET so_luong_sinh_vien = (
      SELECT COUNT(*)
      FROM SinhVien
      WHERE ma_lop = NEW.ma_lop
    )
    WHERE ma_lop = NEW.ma_lop;
  END IF;
END */;;
DELIMITER ;
/*!50003 SET sql_mode              = @saved_sql_mode */ ;
/*!50003 SET character_set_client  = @saved_cs_client */ ;
/*!50003 SET character_set_results = @saved_cs_results */ ;
/*!50003 SET collation_connection  = @saved_col_connection */ ;
/*!50003 SET @saved_cs_client      = @@character_set_client */ ;
/*!50003 SET @saved_cs_results     = @@character_set_results */ ;
/*!50003 SET @saved_col_connection = @@collation_connection */ ;
/*!50003 SET character_set_client  = utf8mb4 */ ;
/*!50003 SET character_set_results = utf8mb4 */ ;
/*!50003 SET collation_connection  = utf8mb4_0900_ai_ci */ ;
/*!50003 SET @saved_sql_mode       = @@sql_mode */ ;
/*!50003 SET sql_mode              = 'ONLY_FULL_GROUP_BY,STRICT_TRANS_TABLES,NO_ZERO_IN_DATE,NO_ZERO_DATE,ERROR_FOR_DIVISION_BY_ZERO,NO_ENGINE_SUBSTITUTION' */ ;
DELIMITER ;;
/*!50003 CREATE*/ /*!50017 DEFINER=`root`@`%`*/ /*!50003 TRIGGER `trg_sinhvien_after_delete` AFTER DELETE ON `SinhVien` FOR EACH ROW BEGIN
  UPDATE LopHoc
  SET so_luong_sinh_vien = (
    SELECT COUNT(*)
    FROM SinhVien
    WHERE ma_lop = OLD.ma_lop
  )
  WHERE ma_lop = OLD.ma_lop;
END */;;
DELIMITER ;
/*!50003 SET sql_mode              = @saved_sql_mode */ ;
/*!50003 SET character_set_client  = @saved_cs_client */ ;
/*!50003 SET character_set_results = @saved_cs_results */ ;
/*!50003 SET collation_connection  = @saved_col_connection */ ;

--
-- Table structure for table `ThongBao`
--

DROP TABLE IF EXISTS `ThongBao`;
/*!40101 SET @saved_cs_client     = @@character_set_client */;
/*!50503 SET character_set_client = utf8mb4 */;
CREATE TABLE `ThongBao` (
  `thongbao_id` int NOT NULL AUTO_INCREMENT,
  `gv_lop_mon_id` int NOT NULL,
  `tieu_de` varchar(200) NOT NULL,
  `noi_dung` text NOT NULL,
  `ngay_tao` datetime DEFAULT CURRENT_TIMESTAMP,
  PRIMARY KEY (`thongbao_id`),
  KEY `fk_tb_gvlmh` (`gv_lop_mon_id`),
  CONSTRAINT `fk_tb_gvlmh` FOREIGN KEY (`gv_lop_mon_id`) REFERENCES `GiangVien_Lop_MonHoc` (`id`) ON DELETE CASCADE ON UPDATE CASCADE
) ENGINE=InnoDB AUTO_INCREMENT=3 DEFAULT CHARSET=utf8mb4 COLLATE=utf8mb4_0900_ai_ci;
/*!40101 SET character_set_client = @saved_cs_client */;

--
-- Dumping data for table `ThongBao`
--

LOCK TABLES `ThongBao` WRITE;
/*!40000 ALTER TABLE `ThongBao` DISABLE KEYS */;
INSERT INTO `ThongBao` VALUES (1,1,'Hôm nay lớp nghỉ nhé','Thầy có việc bận','2025-05-04 14:47:14'),(2,2,'Hôm nay lớp nghỉ nhé','thầy có việc bận','2025-05-04 14:47:32');
/*!40000 ALTER TABLE `ThongBao` ENABLE KEYS */;
UNLOCK TABLES;

--
-- Table structure for table `User`
--

DROP TABLE IF EXISTS `User`;
/*!40101 SET @saved_cs_client     = @@character_set_client */;
/*!50503 SET character_set_client = utf8mb4 */;
CREATE TABLE `User` (
  `user_id` int NOT NULL AUTO_INCREMENT,
  `username` varchar(50) COLLATE utf8mb4_unicode_ci NOT NULL,
  `password_hash` varchar(255) COLLATE utf8mb4_unicode_ci NOT NULL,
  `role` enum('sinhvien','admin','giangvien') COLLATE utf8mb4_unicode_ci NOT NULL,
  `last_login` datetime DEFAULT NULL,
  PRIMARY KEY (`user_id`),
  UNIQUE KEY `username` (`username`)
) ENGINE=InnoDB AUTO_INCREMENT=119 DEFAULT CHARSET=utf8mb4 COLLATE=utf8mb4_unicode_ci;
/*!40101 SET character_set_client = @saved_cs_client */;

--
-- Dumping data for table `User`
--

LOCK TABLES `User` WRITE;
/*!40000 ALTER TABLE `User` DISABLE KEYS */;
INSERT INTO `User` VALUES (1,'admin','8c6976e5b5410415bde908bd4dee15dfb167a9c873fc4bb8a81f6f2ab448a918','admin','2025-05-05 02:40:51'),(2,'B21DCVT061','8d969eef6ecad3c29a3a629280e686cf0c3f5d5a86aff3ca12020c923adc6c92','sinhvien','2025-05-05 01:10:24'),(3,'B21DCVT067','8d969eef6ecad3c29a3a629280e686cf0c3f5d5a86aff3ca12020c923adc6c92','sinhvien',NULL),(4,'B21DCVT069','8d969eef6ecad3c29a3a629280e686cf0c3f5d5a86aff3ca12020c923adc6c92','sinhvien',NULL),(5,'B21DCVT053','8d969eef6ecad3c29a3a629280e686cf0c3f5d5a86aff3ca12020c923adc6c92','sinhvien',NULL),(6,'B21DCVT083','8d969eef6ecad3c29a3a629280e686cf0c3f5d5a86aff3ca12020c923adc6c92','sinhvien',NULL),(7,'B21DCVT085','8d969eef6ecad3c29a3a629280e686cf0c3f5d5a86aff3ca12020c923adc6c92','sinhvien',NULL),(8,'B21DCVT091','8d969eef6ecad3c29a3a629280e686cf0c3f5d5a86aff3ca12020c923adc6c92','sinhvien',NULL),(9,'B21DCVT099','8d969eef6ecad3c29a3a629280e686cf0c3f5d5a86aff3ca12020c923adc6c92','sinhvien',NULL),(10,'B21DCVT100','8d969eef6ecad3c29a3a629280e686cf0c3f5d5a86aff3ca12020c923adc6c92','sinhvien',NULL),(11,'B21DCVT101','8d969eef6ecad3c29a3a629280e686cf0c3f5d5a86aff3ca12020c923adc6c92','sinhvien',NULL),(12,'B21DCVT148','8d969eef6ecad3c29a3a629280e686cf0c3f5d5a86aff3ca12020c923adc6c92','sinhvien',NULL),(13,'B21DCVT163','8d969eef6ecad3c29a3a629280e686cf0c3f5d5a86aff3ca12020c923adc6c92','sinhvien',NULL),(14,'B21DCVT165','8d969eef6ecad3c29a3a629280e686cf0c3f5d5a86aff3ca12020c923adc6c92','sinhvien',NULL),(15,'B21DCVT107','8d969eef6ecad3c29a3a629280e686cf0c3f5d5a86aff3ca12020c923adc6c92','sinhvien',NULL),(16,'B21DCVT109','8d969eef6ecad3c29a3a629280e686cf0c3f5d5a86aff3ca12020c923adc6c92','sinhvien',NULL),(17,'B21DCVT115','8d969eef6ecad3c29a3a629280e686cf0c3f5d5a86aff3ca12020c923adc6c92','sinhvien',NULL),(18,'B21DCVT125','8d969eef6ecad3c29a3a629280e686cf0c3f5d5a86aff3ca12020c923adc6c92','sinhvien',NULL),(19,'B21DCVT131','8d969eef6ecad3c29a3a629280e686cf0c3f5d5a86aff3ca12020c923adc6c92','sinhvien',NULL),(20,'B21DCVT133','8d969eef6ecad3c29a3a629280e686cf0c3f5d5a86aff3ca12020c923adc6c92','sinhvien',NULL),(21,'B21DCVT171','8d969eef6ecad3c29a3a629280e686cf0c3f5d5a86aff3ca12020c923adc6c92','sinhvien',NULL),(22,'B21DCVT179','8d969eef6ecad3c29a3a629280e686cf0c3f5d5a86aff3ca12020c923adc6c92','sinhvien',NULL),(23,'B21DCVT189','8d969eef6ecad3c29a3a629280e686cf0c3f5d5a86aff3ca12020c923adc6c92','sinhvien',NULL),(24,'B21DCVT211','8d969eef6ecad3c29a3a629280e686cf0c3f5d5a86aff3ca12020c923adc6c92','sinhvien',NULL),(25,'B21DCVT212','8d969eef6ecad3c29a3a629280e686cf0c3f5d5a86aff3ca12020c923adc6c92','sinhvien',NULL),(26,'B21DCVT227','8d969eef6ecad3c29a3a629280e686cf0c3f5d5a86aff3ca12020c923adc6c92','sinhvien',NULL),(27,'B21DCVT243','8d969eef6ecad3c29a3a629280e686cf0c3f5d5a86aff3ca12020c923adc6c92','sinhvien',NULL),(28,'B21DCVT251','8d969eef6ecad3c29a3a629280e686cf0c3f5d5a86aff3ca12020c923adc6c92','sinhvien',NULL),(29,'B21DCVT259','8d969eef6ecad3c29a3a629280e686cf0c3f5d5a86aff3ca12020c923adc6c92','sinhvien',NULL),(30,'B21DCVT268','8d969eef6ecad3c29a3a629280e686cf0c3f5d5a86aff3ca12020c923adc6c92','sinhvien',NULL),(31,'B21DCVT276','8d969eef6ecad3c29a3a629280e686cf0c3f5d5a86aff3ca12020c923adc6c92','sinhvien',NULL),(32,'B21DCVT283','8d969eef6ecad3c29a3a629280e686cf0c3f5d5a86aff3ca12020c923adc6c92','sinhvien',NULL),(33,'B21DCVT307','8d969eef6ecad3c29a3a629280e686cf0c3f5d5a86aff3ca12020c923adc6c92','sinhvien',NULL),(34,'B21DCVT035','8d969eef6ecad3c29a3a629280e686cf0c3f5d5a86aff3ca12020c923adc6c92','sinhvien',NULL),(35,'B21DCVT323','8d969eef6ecad3c29a3a629280e686cf0c3f5d5a86aff3ca12020c923adc6c92','sinhvien',NULL),(36,'B21DCVT324','8d969eef6ecad3c29a3a629280e686cf0c3f5d5a86aff3ca12020c923adc6c92','sinhvien',NULL),(37,'B21DCVT331','8d969eef6ecad3c29a3a629280e686cf0c3f5d5a86aff3ca12020c923adc6c92','sinhvien',NULL),(38,'B21DCVT339','8d969eef6ecad3c29a3a629280e686cf0c3f5d5a86aff3ca12020c923adc6c92','sinhvien',NULL),(39,'B21DCVT378','8d969eef6ecad3c29a3a629280e686cf0c3f5d5a86aff3ca12020c923adc6c92','sinhvien','2025-05-05 01:27:07'),(40,'B21DCVT379','8d969eef6ecad3c29a3a629280e686cf0c3f5d5a86aff3ca12020c923adc6c92','sinhvien',NULL),(41,'B21DCVT380','8d969eef6ecad3c29a3a629280e686cf0c3f5d5a86aff3ca12020c923adc6c92','sinhvien',NULL),(42,'B21DCVT387','8d969eef6ecad3c29a3a629280e686cf0c3f5d5a86aff3ca12020c923adc6c92','sinhvien',NULL),(43,'B21DCVT394','8d969eef6ecad3c29a3a629280e686cf0c3f5d5a86aff3ca12020c923adc6c92','sinhvien',NULL),(44,'B21DCVT395','8d969eef6ecad3c29a3a629280e686cf0c3f5d5a86aff3ca12020c923adc6c92','sinhvien',NULL),(45,'B21DCVT410','8d969eef6ecad3c29a3a629280e686cf0c3f5d5a86aff3ca12020c923adc6c92','sinhvien',NULL),(46,'B21DCVT411','8d969eef6ecad3c29a3a629280e686cf0c3f5d5a86aff3ca12020c923adc6c92','sinhvien',NULL),(47,'B21DCVT434','8d969eef6ecad3c29a3a629280e686cf0c3f5d5a86aff3ca12020c923adc6c92','sinhvien',NULL),(48,'B21DCVT436','8d969eef6ecad3c29a3a629280e686cf0c3f5d5a86aff3ca12020c923adc6c92','sinhvien',NULL),(49,'B21DCVT451','8d969eef6ecad3c29a3a629280e686cf0c3f5d5a86aff3ca12020c923adc6c92','sinhvien',NULL),(50,'B21DCVT459','8d969eef6ecad3c29a3a629280e686cf0c3f5d5a86aff3ca12020c923adc6c92','sinhvien',NULL),(51,'B21DCVT460','8d969eef6ecad3c29a3a629280e686cf0c3f5d5a86aff3ca12020c923adc6c92','sinhvien',NULL),(52,'B21DCVT468','8d969eef6ecad3c29a3a629280e686cf0c3f5d5a86aff3ca12020c923adc6c92','sinhvien',NULL),(53,'B21DCVT049','8d969eef6ecad3c29a3a629280e686cf0c3f5d5a86aff3ca12020c923adc6c92','sinhvien',NULL),(54,'B21DCVT065','8d969eef6ecad3c29a3a629280e686cf0c3f5d5a86aff3ca12020c923adc6c92','sinhvien',NULL),(55,'B21DCVT066','8d969eef6ecad3c29a3a629280e686cf0c3f5d5a86aff3ca12020c923adc6c92','sinhvien',NULL),(56,'B21DCVT073','8d969eef6ecad3c29a3a629280e686cf0c3f5d5a86aff3ca12020c923adc6c92','sinhvien',NULL),(57,'B21DCVT074','8d969eef6ecad3c29a3a629280e686cf0c3f5d5a86aff3ca12020c923adc6c92','sinhvien',NULL),(58,'B21DCVT086','8d969eef6ecad3c29a3a629280e686cf0c3f5d5a86aff3ca12020c923adc6c92','sinhvien',NULL),(59,'B21DCVT089','8d969eef6ecad3c29a3a629280e686cf0c3f5d5a86aff3ca12020c923adc6c92','sinhvien',NULL),(60,'B21DCVT009','8d969eef6ecad3c29a3a629280e686cf0c3f5d5a86aff3ca12020c923adc6c92','sinhvien','2025-05-01 18:18:59'),(61,'B21DCVT090','8d969eef6ecad3c29a3a629280e686cf0c3f5d5a86aff3ca12020c923adc6c92','sinhvien',NULL),(62,'B21DCVT098','8d969eef6ecad3c29a3a629280e686cf0c3f5d5a86aff3ca12020c923adc6c92','sinhvien',NULL),(63,'B21DCVT145','8d969eef6ecad3c29a3a629280e686cf0c3f5d5a86aff3ca12020c923adc6c92','sinhvien',NULL),(64,'B21DCVT146','8d969eef6ecad3c29a3a629280e686cf0c3f5d5a86aff3ca12020c923adc6c92','sinhvien',NULL),(65,'N21DCVT017B','8d969eef6ecad3c29a3a629280e686cf0c3f5d5a86aff3ca12020c923adc6c92','sinhvien',NULL),(66,'B21DCVT154','8d969eef6ecad3c29a3a629280e686cf0c3f5d5a86aff3ca12020c923adc6c92','sinhvien',NULL),(67,'B21DCVT114','8d969eef6ecad3c29a3a629280e686cf0c3f5d5a86aff3ca12020c923adc6c92','sinhvien',NULL),(68,'B21DCVT121','8d969eef6ecad3c29a3a629280e686cf0c3f5d5a86aff3ca12020c923adc6c92','sinhvien',NULL),(69,'B21DCVT122','8d969eef6ecad3c29a3a629280e686cf0c3f5d5a86aff3ca12020c923adc6c92','sinhvien',NULL),(70,'B21DCVT130','8d969eef6ecad3c29a3a629280e686cf0c3f5d5a86aff3ca12020c923adc6c92','sinhvien',NULL),(71,'B21DCVT170','8d969eef6ecad3c29a3a629280e686cf0c3f5d5a86aff3ca12020c923adc6c92','sinhvien',NULL),(72,'B21DCVT186','8d969eef6ecad3c29a3a629280e686cf0c3f5d5a86aff3ca12020c923adc6c92','sinhvien',NULL),(73,'B21DCVT202','8d969eef6ecad3c29a3a629280e686cf0c3f5d5a86aff3ca12020c923adc6c92','sinhvien',NULL),(74,'B21DCVT209','8d969eef6ecad3c29a3a629280e686cf0c3f5d5a86aff3ca12020c923adc6c92','sinhvien',NULL),(75,'B21DCVT210','8d969eef6ecad3c29a3a629280e686cf0c3f5d5a86aff3ca12020c923adc6c92','sinhvien',NULL),(76,'B21DCVT226','8d969eef6ecad3c29a3a629280e686cf0c3f5d5a86aff3ca12020c923adc6c92','sinhvien',NULL),(77,'B21DCVT249','8d969eef6ecad3c29a3a629280e686cf0c3f5d5a86aff3ca12020c923adc6c92','sinhvien',NULL),(78,'B21DCVT250','8d969eef6ecad3c29a3a629280e686cf0c3f5d5a86aff3ca12020c923adc6c92','sinhvien',NULL),(79,'B21DCVT257','8d969eef6ecad3c29a3a629280e686cf0c3f5d5a86aff3ca12020c923adc6c92','sinhvien',NULL),(80,'B19DCVT192','8d969eef6ecad3c29a3a629280e686cf0c3f5d5a86aff3ca12020c923adc6c92','sinhvien',NULL),(81,'B21DCVT265','8d969eef6ecad3c29a3a629280e686cf0c3f5d5a86aff3ca12020c923adc6c92','sinhvien',NULL),(82,'B21DCVT266','8d969eef6ecad3c29a3a629280e686cf0c3f5d5a86aff3ca12020c923adc6c92','sinhvien',NULL),(83,'B21DCVT312','8d969eef6ecad3c29a3a629280e686cf0c3f5d5a86aff3ca12020c923adc6c92','sinhvien',NULL),(84,'B21DCVT313','8d969eef6ecad3c29a3a629280e686cf0c3f5d5a86aff3ca12020c923adc6c92','sinhvien',NULL),(85,'B21DCVT314','8d969eef6ecad3c29a3a629280e686cf0c3f5d5a86aff3ca12020c923adc6c92','sinhvien',NULL),(86,'B21DCVT322','8d969eef6ecad3c29a3a629280e686cf0c3f5d5a86aff3ca12020c923adc6c92','sinhvien',NULL),(87,'B21DCVT337','8d969eef6ecad3c29a3a629280e686cf0c3f5d5a86aff3ca12020c923adc6c92','sinhvien',NULL),(88,'B21DCVT345','8d969eef6ecad3c29a3a629280e686cf0c3f5d5a86aff3ca12020c923adc6c92','sinhvien',NULL),(89,'B21DCVT346','8d969eef6ecad3c29a3a629280e686cf0c3f5d5a86aff3ca12020c923adc6c92','sinhvien',NULL),(90,'B21DCVT362','8d969eef6ecad3c29a3a629280e686cf0c3f5d5a86aff3ca12020c923adc6c92','sinhvien',NULL),(91,'B21DCVT354','8d969eef6ecad3c29a3a629280e686cf0c3f5d5a86aff3ca12020c923adc6c92','sinhvien',NULL),(92,'B21DCVT361','8d969eef6ecad3c29a3a629280e686cf0c3f5d5a86aff3ca12020c923adc6c92','sinhvien',NULL),(93,'B21DCVT369','8d969eef6ecad3c29a3a629280e686cf0c3f5d5a86aff3ca12020c923adc6c92','sinhvien',NULL),(94,'B21DCVT041','8d969eef6ecad3c29a3a629280e686cf0c3f5d5a86aff3ca12020c923adc6c92','sinhvien',NULL),(95,'B21DCVT370','8d969eef6ecad3c29a3a629280e686cf0c3f5d5a86aff3ca12020c923adc6c92','sinhvien',NULL),(96,'B21DCVT401','8d969eef6ecad3c29a3a629280e686cf0c3f5d5a86aff3ca12020c923adc6c92','sinhvien',NULL),(97,'B21DCVT409','8d969eef6ecad3c29a3a629280e686cf0c3f5d5a86aff3ca12020c923adc6c92','sinhvien',NULL),(98,'B21DCVT393','8d969eef6ecad3c29a3a629280e686cf0c3f5d5a86aff3ca12020c923adc6c92','sinhvien',NULL),(99,'B21DCVT417','8d969eef6ecad3c29a3a629280e686cf0c3f5d5a86aff3ca12020c923adc6c92','sinhvien',NULL),(100,'B21DCVT425','8d969eef6ecad3c29a3a629280e686cf0c3f5d5a86aff3ca12020c923adc6c92','sinhvien',NULL),(101,'B21DCVT433','8d969eef6ecad3c29a3a629280e686cf0c3f5d5a86aff3ca12020c923adc6c92','sinhvien',NULL),(102,'B21DCVT441','8d969eef6ecad3c29a3a629280e686cf0c3f5d5a86aff3ca12020c923adc6c92','sinhvien',NULL),(103,'B21DCVT473','8d969eef6ecad3c29a3a629280e686cf0c3f5d5a86aff3ca12020c923adc6c92','sinhvien',NULL),(104,'B21DCVT449','8d969eef6ecad3c29a3a629280e686cf0c3f5d5a86aff3ca12020c923adc6c92','sinhvien',NULL),(105,'B21DCVT464','8d969eef6ecad3c29a3a629280e686cf0c3f5d5a86aff3ca12020c923adc6c92','sinhvien',NULL),(106,'B21DCVT465','8d969eef6ecad3c29a3a629280e686cf0c3f5d5a86aff3ca12020c923adc6c92','sinhvien',NULL),(107,'GV001','472bbe83616e93d3c09a79103ae47d8f71e3d35a966d6e8b22f743218d04171d','giangvien','2025-05-05 02:41:32'),(108,'GV002','472bbe83616e93d3c09a79103ae47d8f71e3d35a966d6e8b22f743218d04171d','giangvien','2025-05-04 22:07:32'),(109,'GV003','472bbe83616e93d3c09a79103ae47d8f71e3d35a966d6e8b22f743218d04171d','giangvien',NULL),(110,'GV004','472bbe83616e93d3c09a79103ae47d8f71e3d35a966d6e8b22f743218d04171d','giangvien',NULL),(111,'GV005','472bbe83616e93d3c09a79103ae47d8f71e3d35a966d6e8b22f743218d04171d','giangvien',NULL),(112,'GV006','472bbe83616e93d3c09a79103ae47d8f71e3d35a966d6e8b22f743218d04171d','giangvien',NULL),(113,'GV007','472bbe83616e93d3c09a79103ae47d8f71e3d35a966d6e8b22f743218d04171d','giangvien',NULL),(114,'GV008','472bbe83616e93d3c09a79103ae47d8f71e3d35a966d6e8b22f743218d04171d','giangvien',NULL),(115,'GV009','472bbe83616e93d3c09a79103ae47d8f71e3d35a966d6e8b22f743218d04171d','giangvien',NULL),(116,'GV010','472bbe83616e93d3c09a79103ae47d8f71e3d35a966d6e8b22f743218d04171d','giangvien',NULL),(117,'GV011','472bbe83616e93d3c09a79103ae47d8f71e3d35a966d6e8b22f743218d04171d','giangvien',NULL),(118,'admin1','8c6976e5b5410415bde908bd4dee15dfb167a9c873fc4bb8a81f6f2ab448a918','admin',NULL);
/*!40000 ALTER TABLE `User` ENABLE KEYS */;
UNLOCK TABLES;
/*!40103 SET TIME_ZONE=@OLD_TIME_ZONE */;

/*!40101 SET SQL_MODE=@OLD_SQL_MODE */;
/*!40014 SET FOREIGN_KEY_CHECKS=@OLD_FOREIGN_KEY_CHECKS */;
/*!40014 SET UNIQUE_CHECKS=@OLD_UNIQUE_CHECKS */;
/*!40101 SET CHARACTER_SET_CLIENT=@OLD_CHARACTER_SET_CLIENT */;
/*!40101 SET CHARACTER_SET_RESULTS=@OLD_CHARACTER_SET_RESULTS */;
/*!40101 SET COLLATION_CONNECTION=@OLD_COLLATION_CONNECTION */;
/*!40111 SET SQL_NOTES=@OLD_SQL_NOTES */;

-- Dump completed on 2025-05-04 19:46:16
